Team,Date,Opponent,Inn,Batter,Event,Sit Before,Sit After,Best Sit,Worst Sit,Success?,1B,Fielder,Pos,Hand,F/B,Direction,Distance,Velo
ARI,3/28,Rockies,9,Ezequiel Tovar,5-3,000 2,000 3,000 3,100 2,Yes,Christian Walker,Blaze Alexander,SS,RH,Back,S,Short,92.1
ARI,4/5,Braves,6,Orlando Arcia,5-3,000 0,000 1,000 1,100 0,Yes,Christian Walker,Eugenio Suarez,3B,RH,Back,S,Long,84.4
ARI,4/6,Braves,1,Austin Riley,6-3,000 2,000 3,000 3,100 2,Yes,Christian Walker,Blaze Alexander,SS,RH,Back,S,Short,92.1
ARI,4/6,Braves,3,Travis d'Arnaud,4-3,000 0,000 1,000 1,100 0,Yes,Christian Walker,Ketel Marte,2B,RH,Back,R,Short,82.4
ARI,4/13,Cardinals,7,Masyn Winn,1B,000 0,100 0,100 0,100 0,Yes,Christian Walker,Jace Peterson,SS,RH,Back,S,Long,79.5
ARI,4/13,Cardinals,8,Nolan Arenado,1B,000 1,100 1,000 2,100 1,No,Christian Walker,Jace Peterson,SS,RH,Back,R,Stretch,79.5
ARI,4/16,Cubs,1,Nico Hoerner,1B,000 0,100 0,100 0,100 0,Yes,Christian Walker,Blaze Alexander,SS,RH,Back,R,Long,92.1
ARI,4/29,Dodgers,6,Shohei Ohtani,6-3,000 0,000 1,000 1,100 0,Yes,Christian Walker,Kevin Newman,SS,RH,Back,S,Short,81.1
ARI,4/30,Dodgers,4,Will Smith,5-3,010 1,010 2,010 2,010 1 +1,Yes,Christian Walker,Eugenio Suarez,3B,RH,Back,S,Short,84.4
ARI,4/30,Dodgers,6,Andy Pages,6-3,010 2,000 3,000 3,010 2 +1,Yes,Christian Walker,Kevin Newman,SS,RH,Back,S,Stretch,81.1
ARI,5/1,Dodgers,2,Teoscar Hernandez,6-3,000 0,000 1,000 1,100 0,Yes,Christian Walker,Blaze Alexander,SS,RH,Back,R,Short,92.1
ARI,5/12,Orioles,6,Ryan Mountcastle,5-4-3 DP,100 1,000 3,000 3,010 2,Yes,Christian Walker,Ketel Marte,2B,RH,Back,S,Stretch,82.4
ARI,5/19,Tigers,8,Mark Canha,4-3,100 0,010 1,010 1,011 0,Yes,Christian Walker,Ketel Marte,2B,RH,Back,S,Short,82.4
ARI,5/31,Mets,3,Jose Iglesias,4-3,010 2,000 3,000 3,010 2 +1,Yes,Christian Walker,Ketel Marte,2B,RH,Fore,L,Stretch,82.4
ARI,6/3,Giants,9,Matt Chapman,1B,000 1,100 1,000 2,100 1,No,Christian Walker,Blaze Alexander,SS,RH,Back,R,Stretch,92.1
ARI,6/12,Angels,6,Kevin Pillar,5-3,000 0,000 1,000 1,100 0,Yes,Christian Walker,Blaze Alexander,3B,RH,Back,S,Stretch,90.6
ARI,6/27,Twins,6,Manuel Margot,6-3,100 2,000 3,000 3,011 2,Yes,Christian Walker,Geraldo Perdomo,SS,RH,Fore,S,Stretch,85.8
ARI,6/30,A's,1,Brent Rooker,6-3,000 2,000 3,000 3,100 2,Yes,Christian Walker,Geraldo Perdomo,SS,RH,Back,S,Stretch,85.8
ARI,7/2,Dodgers,8,Chris Taylor,5-3,010 2,000 3,000 3,010 2 +1,Yes,Christian Walker,Kevin Newman,3B,RH,Back,S,Short,81.1
ARI,7/5,Padres,4,Luis Arraez,1B,100 2,110 2,110 2,011 2,Yes,Christian Walker,Ketel Marte,2B,RH,Back,S,Long,82.4
ARI,7/5,Padres,5,Donovan Solano,E5,000 2,100 2,000 3,100 2,No,Christian Walker,Eugenio Suarez,3B,RH,Back,S,Stretch,84.4
ARI,7/6,Padres,7,Luis Campusano,6-3,000 0,000 1,000 1,100 0,Yes,Christian Walker,Geraldo Perdomo,SS,RH,Fore,S,Stretch,85.8
ARI,7/6,Padres,7,Jake Cronenworth,1B,011 2,101 2 +1,101 2 +1,010 2 +2,Yes,Christian Walker,Eugenio Suarez,3B,RH,Back,S,Long,84.4
ARI,7/12,Blue Jays,2,Alejandro Kirk,6-3,000 1,000 2,000 2,100 1,Yes,Christian Walker,Geraldo Perdomo,SS,RH,Fore,S,Long,85.8
ARI,7/21,Cubs,2,Christopher Morel,1B,000 1,100 1,100 1,100 1,Yes,Christian Walker,Geraldo Perdomo,SS,RH,Fore,S,Long,85.8
ARI,7/22,Rockies,4,Donovan Solano,5-3,000 1,000 2,000 2,100 1,Yes,Christian Walker,Eugenio Suarez,3B,RH,Back,S,Stretch,84.4
ARI,8/3,Pirates,1,Connor Joe,5-3,000 2,000 3,000 3,100 2,Yes,Josh Bell,Eugenio Suarez,3B,RH,Fore,S,Short,84.4
ARI,8/7,Guardians,8,Lane Thomas,1B,000 0,100 0,100 0,100 0,Yes,Kevin Newman,Geraldo Perdomo,SS,RH,Back,S,Short,85.8
ARI,8/7,Guardians,9,Andres Gimenez,1B,000 1,100 1,100 1,100 1,No,Kevin Newman,Geraldo Perdomo,SS,RH,Back,R,Stretch,85.8
ARI,8/10,Phillies,9,Bryson Stott,4-3,000 0,000 1,000 1,100 0,Yes,Josh Bell,Kevin Newman,2B,RH,Fore,L,Short,77.9
ARI,8/12,Rockies,8,Ryan McMahon,6-3,000 1,000 2,000 2,100 1,Yes,Josh Bell,Geraldo Perdomo,SS,RH,Fore,S,Short,85.8
ARI,8/19,Marlins,2,Connor Norby,1B,000 0,100 0,100 0,100 0,Yes,Pavin Smith,Geraldo Perdomo,SS,LH,Back,L,Stretch,85.8
ARI,8/24,Red Sox,7,Masataka Yoshida,4-3,000 0,000 1,000 1,100 0,Yes,Josh Bell,Luis Guillorme,2B,RH,Back,S,Stretch,77.3
ARI,9/7,Astros,3,Alex Bregman,5-3,000 2,000 3,000 3,100 2,Yes,Christian Walker,Eugenio Suarez,3B,RH,Back,S,Stretch,84.4
ARI,9/14,Brewers,5,Jackson Chourio,5-3,000 1,000 2,000 2,100 1,Yes,Christian Walker,Eugenio Suarez,3B,RH,Back,S,Long,84.4
ARI,9/16,Rockies,4,Brendan Rodgers,6-3,000 2,000 3,000 3,100 2,Yes,Christian Walker,Geraldo Perdomo,SS,RH,Back,R,Long,85.8
ARI,9/18,Rockies,9,Jacob Stallings,1B,000 0,100 0,100 0,100 0,Yes,Christian Walker,Geraldo Perdomo,SS,RH,Back,S,Stretch,85.8
ARI,9/20,Brewers,5,Jackson Chourio,1B,000 2,100 2,000 3,100 2,No,Christian Walker,Geraldo Perdomo,SS,RH,Back,S,Stretch,85.8
ARI,9/20,Brewers,8,Sal Frelick,5-3,000 0,000 1,000 1,100 0,Yes,Christian Walker,Eugenio Suarez,3B,RH,Back,S,Stretch,84.4
ARI,9/27,Padres,2,Luis Arraez,6-3,000 0,000 1,000 1,100 0,Yes,Christian Walker,Geraldo Perdomo,SS,RH,Back,S,Short,85.8
ATL,4/2,White Sox,6,Andrew Vaughn,6-4-3 DP,110 1,000 3,000 3,010 2 +1,Yes,Matt Olson,Ozzie Albies,2B,RH,Fore,S,Short,72.5
ATL,4/7,Diamondbacks,6,Lourdes Gurriel Jr,5-3,000 1,000 2,000 2,100 1,Yes,Matt Olson,Austin Riley,3B,RH,Fore,L,Short,83
ATL,4/11,Mets,9,Francisco Lindor,4-3,000 2,000 3,000 3,100 2,Yes,Matt Olson,Ozzie Albies,2B,RH,Fore,S,Short,72.5
ATL,4/16,Astros,8,Jake Meyers,5-3,000 0,000 1,000 1,100 0,Yes,Matt Olson,Austin Riley,3B,RH,Fore,R,Stretch,83
ATL,4/17,Astros,7,Yainer Diaz,5-4 FC,100 1,100 2,100 2,010 2,Yes,Matt Olson,Luis Guillorme,2B,RH,Back,S,Short,77.3
ATL,4/21,Rangers,7,Wyatt Langford,1B,000 0,100 0,100 0,100 0,Yes,Matt Olson,Orlando Arcia,SS,RH,Back,S,Long,86.3
ATL,4/23,Marlins,8,Tim Anderson,5-3,000 1,000 2,000 2,100 1,Yes,Matt Olson,Austin Riley,3B,RH,Fore,S,Stretch,83
ATL,4/30,Mariners,5,Jorge Polanco,5-3,000 0,000 1,000 1,100 0,Yes,Matt Olson,Austin Riley,3B,RH,Back,R,Short,83
ATL,5/1,Mariners,3,Luis Urias,6-3,000 0,000 1,000 1,100 0,Yes,Matt Olson,Orlando Arcia,SS,RH,Back,R,Short,86.3
ATL,5/8,Red Sox,8,Tyler O'Neill,6-3,000 0,000 1,000 1,100 0,Yes,Matt Olson,Orlando Arcia,SS,RH,Back,S,Short,86.3
ATL,5/11,Mets,3,Harrison Bader,6-3,000 0,000 1,000 1,100 0,Yes,Matt Olson,Orlando Arcia,SS,RH,Back,S,Short,86.3
ATL,5/11,Mets,4,Pete Alonso,6-3,000 1,000 2,000 2,100 1,Yes,Matt Olson,Orlando Arcia,SS,RH,Back,S,Short,86.3
ATL,5/13,Cubs,5,Miguel Amaya,5-3,110 2,000 3,000 3,011 2 +1,Yes,Matt Olson,Zack Short,3B,RH,Back,S,Long,83.6
ATL,5/14,Cubs,4,Nick Madrigal,6-3,000 2,000 3,000 3,100 2,Yes,Matt Olson,Orlando Arcia,SS,RH,Fore,S,Stretch,86.3
ATL,5/15,Cubs,1,Michael Busch,4-6 FC,100 1,100 2,100 2,010 2,Yes,Matt Olson,Orlando Arcia,SS,RH,Back,S,Stretch,86.3
ATL,5/17,Padres,4,Kyle Higashioka,5-3,000 2,000 3,000 3,100 2,Yes,Matt Olson,Zack Short,3B,RH,Back,S,Stretch,83.6
ATL,5/17,Padres,4,Ha-Seong Kim,3-6-3 DP,100 0,000 2,000 2,010 1,Yes,Matt Olson,Orlando Arcia,SS,RH,Back,S,Short,86.3
ATL,5/22,Cubs,8,Dansby Swanson,1B E5,000 1,010 1,000 2,010 1,No,Matt Olson,Zack Short,3B,RH,Back,R,Stretch,83.6
ATL,5/25,Pirates,3,Connor Joe,6-3,001 2,000 3,000 3,010 2 +1,Yes,Matt Olson,Orlando Arcia,SS,RH,Back,S,Short,86.3
ATL,5/26,Pirates,5,Alika Williams,6-3,000 2,000 3,000 3,100 2,Yes,Matt Olson,Orlando Arcia,SS,RH,Back,S,Stretch,86.3
ATL,5/26,Pirates,6,Andrew McCutchen,6-3,000 0,000 1,000 1,100 0,Yes,Matt Olson,Orlando Arcia,SS,RH,Fore,S,Stretch,86.3
ATL,5/28,Nationals,4,Keibert Ruiz,6-4-3 DP,100 1,000 3,000 3,010 2,Yes,Matt Olson,Ozzie Albies,2B,RH,Back,S,Stretch,72.5
ATL,5/29,Nationals,4,Eddie Rosario,4-3,010 1,001 2,001 2,010 1 +1,Yes,Matt Olson,Ozzie Albies,2B,RH,Fore,S,Short,72.5
ATL,5/31,A's,9,Aledmys Diaz,6-3,001 1,000 2 +1,000 2 +1,010 1 +1,Yes,Matt Olson,Orlando Arcia,SS,RH,Fore,L,Long,86.3
ATL,6/1,A's,1,Miguel Andujar,1B,000 1,100 1,000 2,100 1,No,Matt Olson,Orlando Arcia,SS,RH,Fore,S,Stretch,86.3
ATL,6/4,Red Sox,8,Rafael Devers,4-3,100 1,010 2,010 2,011 1,Yes,Matt Olson,Ozzie Albies,2B,RH,Fore,R,Stretch,72.5
ATL,6/7,Nationals,4,Lane Thomas,5-3,010 0,010 1,010 1,010 0 +1,Yes,Matt Olson,Austin Riley,3B,RH,Back,S,Short,83
ATL,6/8,Nationals,5,Lane Thoams,E5,000 1,100 1,000 2,100 1,No,Matt Olson,Austin Riley,3B,RH,Back,S,Stretch,83
ATL,6/12,Orioles,8,Ryan Mountcastle,1B,000 1,100 1,100 1,100 1,Yes,Matt Olson,Orlando Arcia,SS,RH,Fore,S,Long,86.3
ATL,6/15,Rays,5,Amed Rosario,1B,000 0,100 0,100 0,100 0,Yes,Matt Olson,Orlando Arcia,SS,RH,Back,S,Long,86.3
ATL,6/18,Tigers,8,Mark Canha,1B,000 1,100 1,100 1,100 1,Yes,Matt Olson,Orlando Arcia,SS,RH,Back,R,Long,86.3
ATL,6/19,Tigers,8,Mark Canha,5-3,000 1,000 2,000 2,100 1,Yes,Matt Olson,Austin Riley,3B,RH,Fore,L,Stretch,83
ATL,6/21,Yankees,4,Giancarlo Stanton,5-3,000 2,000 3,000 3,100 2,Yes,Matt Olson,Austin Riley,3B,RH,Back,S,Stretch,83
ATL,6/30,Pirates,2,Nick Gonzales,1B,000 0,100 0,100 0,100 0,Yes,Matt Olson,Orlando Arcia,SS,RH,Back,S,Long,86.3
ATL,7/4,Giants,7,Heliot Ramos,6-3,010 2,000 3,000 3,010 2 +1,Yes,Matt Olson,Zack Short,SS,RH,Back,S,Stretch,83.6
ATL,7/5,Phillies,7,Trea Turner,4-3,010 2,000 3,000 3,010 2 +1,Yes,Matt Olson,Ozzie Albies,2B,RH,Fore,S,Long,72.5
ATL,7/8,Diamondbacks,5,Gabriel Moreno,5-3,000 0,000 1,000 1,100 0,Yes,Matt Olson,Austin Riley,3B,RH,Back,S,Stretch,83
ATL,7/12,Padres,8,Ha-Seong Kim,1B E6,000 0,010 0,100 0,010 0,No,Matt Olson,Orlando Arcia,SS,RH,Back,R,Long,86.3
ATL,7/22,Reds,3,Elly De La Cruz,1B,000 2,100 2,000 3,100 2,No,Matt Olson,Austin Riley,3B,RH,Back,S,Stretch,83
ATL,8/16,Angels,6,Jo Adell,5-3,011 2,000 3,000 3,010 2 +2,Yes,Matt Olson,Austin Riley,3B,RH,Fore,S,Long,83
ATL,8/17,Angels,7,Jack Lopez,E4,000 1,100 1,000 2,100 1,No,Matt Olson,Whit Merrifield,2B,RH,Back,S,Stretch,80.2
ATL,8/20,Phillies,6,Nick Castellanos,6-3,000 1,000 2,000 2,100 1,Yes,Matt Olson,Orlando Arcia,SS,RH,Back,S,Short,86.3
ATL,8/23,Nationals,1,Juan Yepez,5-3,000 2,000 3,000 3,100 2,Yes,Matt Olson,Gio Urshela,3B,RH,Back,S,Stretch,78.6
ATL,8/25,Nationals,8,Andres Chaparro,6-3,000 0,000 1,000 1,100 0,Yes,Matt Olson,Orlando Arcia,SS,RH,Fore,S,Short,86.3
ATL,8/26,Twins,5,Willi Castro,E6,000 1,100 1,000 2,100 1,No,Matt Olson,Orlando Arcia,SS,RH,Back,R,Stretch,86.3
ATL,8/27,Twins,6,Austin Martin,4-3,100 2,000 3,000 3,011 2,Yes,Matt Olson,Whit Merrifield,2B,RH,Fore,S,Long,80.2
ATL,8/28,Twins,2,Willi Castro,6-3,000 1,000 2,000 2,100 1,Yes,Matt Olson,Orlando Arcia,SS,RH,Back,S,Short,86.3
ATL,8/30,Phillies,8,JT Realmuto,5-3,110 2,000 3,000 3,011 2 +1,Yes,Matt Olson,Gio Urshela,3B,RH,Back,R,Short,78.6
ATL,9/9,Reds,8,Tyler Stephenson,E6,000 1,100 1,000 2,100 1,No,Matt Olson,Orlando Arcia,SS,RH,Back,S,Stretch,86.3
ATL,9/9,Reds,9,Spencer Steer,5-3,101 2,000 3,000 3,011 2 +1,Yes,Matt Olson,Gio Urshela,3B,RH,Back,S,Short,78.6
ATL,9/20,Marlins,1,Xavier Edwards,6-3,000 0,000 1,000 1,100 0,Yes,Matt Olson,Orlando Arcia,SS,RH,Back,S,Stretch,86.3
ATL,9/27,Royals,6,Kyle Isbel,4-3,000 1,000 2,000 2,100 1,Yes,Matt Olson,Ozzie Albies,2B,RH,Fore,S,Short,72.5
ATL,9/29,Royals,4,Yuli Gurriel,6-3,000 0,000 1,000 1,100 0,Yes,Matt Olson,Orlando Arcia,SS,RH,Back,S,Stretch,86.3
BAL,3/28,Angels,8,Zach Neto,6-4 FC E4,111 1,100 2 +2,000 3,100 2 +2,No,Ryan Mountcastle,Jorge Mateo,2B,RH,Back,S,Stretch,84.1
BAL,3/31,Angels,3,Taylor Ward,6-3,000 1,000 2,000 2,100 1,Yes,Ryan Mountcastle,Gunnar Henderson,SS,RH,Back,R,Short,89
BAL,4/2,Royals,4,Freddy Fermin,5-3,000 1,000 2,000 2,100 1,Yes,Ryan Mountcastle,Jordan Westburg,3B,RH,Back,S,Long,82.3
BAL,4/3,Royals,2,Maikel Garcia,6-3,010 2,000 3,000 3,010 2 +1,Yes,Ryan Mountcastle,Gunnar Henderson,SS,RH,Back,S,Stretch,89
BAL,4/5,Pirates,5,Ke'Bryan Hayes,1B,000 2,100 2,100 2,100 2,Yes,Ryan Mountcastle,Jordan Westburg,2B,RH,Back,S,Stretch,77.3
BAL,4/7,Pirates,6,Bryan Reynolds,6-3,000 0,000 1,000 1,100 0,Yes,Ryan Mountcastle,Gunnar Henderson,SS,RH,Back,S,Short,89
BAL,4/9,Red Sox,2,Ceddanne Rafaela,6-3,000 0,000 1,000 1,100 0,Yes,Ryan Mountcastle,Gunnar Henderson,SS,RH,Back,S,Short,89
BAL,4/12,Brewers,5,Gary Sanchez,E6,000 2,010 2,000 3,010 2,No,Ryan O'Hearn,Gunnar Henderson,SS,LH,Fore,S,Stretch,89
BAL,4/12,Brewers,6,Willy Adames,1B,000 2,100 2,100 2,100 2,Yes,Ryan O'Hearn,Gunnar Henderson,SS,LH,Back,S,Stretch,89
BAL,4/13,Brewers,7,Brice Turang,1B,000 2,100 2,100 2,100 2,Yes,Ryan Mountcastle,Gunnar Henderson,SS,RH,Back,R,Stretch,89
BAL,4/21,Royals,4,Hunter Renfroe,6-3,100 2,000 3,000 3,011 2,Yes,Ryan Mountcastle,Gunnar Henderson,SS,RH,Back,R,Stretch,89
BAL,4/30,Yankees,1,Aaron Judge,5-4-3 DP,100 1,000 3,000 3,010 2,Yes,Ryan Mountcastle,Jorge Mateo,2B,RH,Back,S,Stretch,84.1
BAL,5/3,Reds,1,Tyler Stephenson,6-3,010 2,000 3,000 3,010 2 +1,Yes,Ryan Mountcastle,Gunnar Henderson,SS,RH,Back,S,Short,89
BAL,5/4,Reds,6,Jonathan India,1B 4-6,000 1,000 2,000 2,000 2,No,Ryan Mountcastle,Jordan Westburg,3B,RH,Back,S,Stretch,82.3
BAL,5/11,Diamondbacks,8,Christian Walker,6-3,000 2,000 3,000 3,100 2,Yes,Ryan Mountcastle,Gunnar Henderson,SS,RH,Back,S,Long,89
BAL,5/13,Blue Jays,5,Ernie Clement,1B,000 2,100 2,000 3,100 2,No,Ryan Mountcastle,Jordan Westburg,3B,RH,Back,S,Stretch,82.3
BAL,5/15,Blue Jays,2,Ernie Clement,5-3,110 2,000 3,000 3,011 2 +1,Yes,Ryan Mountcastle,Jordan Westburg,3B,RH,Back,S,Short,82.3
BAL,5/17,Mariners,3,Dylan Moore,5-3,000 0,000 1,000 1,100 0,Yes,Ryan Mountcastle,Jordan Westburg,3B,RH,Back,S,Long,82.3
BAL,5/18,Mariners,8,Julio Rodriguez,1B,000 0,100 0,000 1,100 0,No,Ryan O'Hearn,Gunnar Henderson,SS,LH,Back,S,Stretch,89
BAL,5/19,Mariners,6,Luke Raley,1B,000 0,100 0,100 0,100 0,Yes,Ryan Mountcastle,Gunnar Henderson,SS,RH,Back,S,Long,89
BAL,5/20,Cardinals,2,Brendan Donovan,6-3,010 2,000 3,000 3,010 2 +1,Yes,Ryan O'Hearn,Gunnar Henderson,SS,LH,Back,S,Long,89
BAL,5/20,Cardinals,5,Masyn Winn,6-3,110 2,000 3,000 3,011 2 +1,Yes,Ryan O'Hearn,Gunnar Henderson,SS,LH,Fore,S,Long,89
BAL,5/21,Cardinals,7,Dylan Carlson,4-3,000 2,000 3,000 3,100 2,Yes,Ryan Mountcastle,Jorge Mateo,2B,RH,Back,S,Long,84.1
BAL,5/25,White Sox,6,Nicky Lopez,1B,100 2,110 2,110 2,011 2,Yes,Ryan Mountcastle,Ramon Urias,3B,RH,Fore,S,Stretch,79.9
BAL,5/27,Red Sox,3,Jarren Duran,4-3,000 1,000 2,000 2,100 1,Yes,Ryan Mountcastle,Jorge Mateo,2B,RH,Back,S,Short,84.1
BAL,5/29,Red Sox,7,Connor Wong,1B,000 0,100 0,100 0,100 0,No,Ryan Mountcastle,Ramon Urias,3B,RH,Back,R,Stretch,79.9
BAL,6/4,Blue Jays,3,Vladimir Guerrero Jr,1B,100 2,110 2,110 2,011 2,Yes,Ryan Mountcastle,Jordan Westburg,3B,RH,Back,S,Long,82.3
BAL,6/4,Blue Jays,8,Isiah Kiner-Falefa,5-3,000 0,000 1,000 1,100 0,Yes,Ryan Mountcastle,Jordan Westburg,3B,RH,Back,S,Stretch,82.3
BAL,6/12,Braves,3,Ozzie Albies,6-3,100 2,000 3,000 3,011 2,Yes,Ryan Mountcastle,Gunnar Henderson,SS,RH,Fore,L,Short,89
BAL,6/15,Phillies,4,Alec Bohm,5-3,000 0,000 1,000 1,100 0,Yes,Ryan Mountcastle,Ramon Urias,3B,RH,Back,S,Short,79.9
BAL,6/21,Astros,1,Jose Altuve,1B,000 0,100 0,100 0,100 0,Yes,Ryan Mountcastle,Gunnar Henderson,SS,RH,Fore,S,Stretch,89
BAL,6/23,Astros,3,Yainer Diaz,1B,000 0,100 0,100 0,100 0,No,Ryan Mountcastle,Ramon Urias,3B,RH,Back,R,Stretch,79.9
BAL,6/23,Astros,8,Jeremy Pena,6-3,100 2,000 3,000 3,011 2,Yes,Ryan Mountcastle,Jorge Mateo,SS,RH,Back,S,Short,84.5
BAL,6/29,Rangers,4,Robbie Grossman,5-4 FC,100 1,100 2,000 3,100 2,No,Ryan O'Hearn,Jordan Westburg,2B,LH,Back,S,Short,77.3
BAL,6/30,Rangers,2,Nate Lowe,5-4 FC,100 1,100 2,100 2,010 2,Yes,Ryan O'Hearn,Jorge Mateo,2B,LH,Fore,R,Short,84.1
BAL,7/5,A's,8,Max Schuemann,1B,000 0,100 0,100 0,100 0,Yes,Ryan Mountcastle,Gunnar Henderson,SS,RH,Back,R,Long,89
BAL,7/6,A's,2,Max Schuemann,6-3,101 2,000 3,000 3,011 2 +1,Yes,Ryan Mountcastle,Gunnar Henderson,SS,RH,Back,S,Short,89
BAL,7/6,A's,2,Tyler Nevin,1B,000 0,100 0,100 0,100 0,Yes,Ryan Mountcastle,Ramon Urias,3B,RH,Back,R,Long,79.9
BAL,7/20,Rangers,7,Justin Foscue,5-3,100 1,010 2,010 2,011 1,Yes,Ryan O'Hearn,Ramon Urias,3B,LH,Fore,S,Stretch,79.9
BAL,7/26,Padres,6,Manny Machado,E6,000 1,100 1,000 2,100 1,Yes,Ryan Mountcastle,Gunnar Henderson,SS,RH,Back,S,Short,89
BAL,7/28,Padres,4,Jake Cronenworth,6-3,000 0,000 1,000 1,100 0,Yes,Ryan Mountcastle,Gunnar Henderson,SS,RH,Back,R,Short,89
BAL,7/29,Blue Jays,5,Leo Jimenez,1B,000 0,100 0,100 0,100 0,Yes,Ryan O'Hearn,Jordan Westburg,SS,LH,Back,S,Long,81.6
BAL,8/2,Guardians,1,Lane Thomas,6-3,000 1,000 2,000 2,100 1,Yes,Ryan Mountcastle,Gunnar Henderson,SS,RH,Back,S,Long,89
BAL,8/7,Blue Jays,2,Alejandro Kirk,E5,010 2,100 2 +1,000 3,100 2 +1,No,Ryan Mountcastle,Coby Mayo,3B,RH,Back,S,Stretch,85.5
BAL,8/9,Rays,6,Brandon Lowe,5-3,000 0,000 1,000 1,100 0,Yes,Ryan O'Hearn,Ramon Urias,3B,LH,Back,S,Short,79.9
BAL,8/16,Red Sox,1,Jarren Duran,1B,000 0,100 0,100 0,100 0,Yes,Ryan Mountcastle,Jackson Holliday,2B,RH,Back,S,Long,77.6
BAL,8/17,Red Sox,8,Tyler O'Neill,1B,000 0,100 0,100 0,100 0,Yes,Ryan Mountcastle,Jackson Holliday,2B,RH,Fore,S,Long,77.6
BAL,8/21,Mets,1,Francisco Lindor,1B,000 0,100 0,100 0,100 0,Yes,Ryan Mountcastle,Ramon Urias,3B,RH,Back,S,Stretch,79.9
BAL,8/31,Rockies,6,Drew Romo,6-3,000 2,000 3,000 3,100 2,Yes,Ryan O'Hearn,Gunnar Henderson,SS,LH,Fore,S,Long,89
BAL,9/7,Rays,6,Jose Siri,1B,010 2,101 2,101 2,010 2 +1,Yes,Ryan O'Hearn,Emmanuel Rivera,3B,LH,Fore,S,Short,85.8
BAL,9/8,Rays,3,Christopher Morel,6-3,000 1,000 2,000 2,100 1,Yes,Ryan O'Hearn,Gunnar Henderson,SS,LH,Back,S,Stretch,89
BOS,3/30,Mariners,1,Julio Rodriguez,6-3,010 0,010 1,010 1,010 0 +1,Yes,Triston Casas,Trevor Story,SS,RH,Back,R,Stretch,80
BOS,3/30,Mariners,1,JP Crawford,1B E5,000 0,010 0,100 0,010 0,No,Triston Casas,Pablo Reyes,3B,RH,Back,R,Stretch,84.8
BOS,4/5,Angels,3,Logan O'Hoppe,6-3,000 0,000 1,000 1,100 0,Yes,Triston Casas,Trevor Story,SS,RH,Back,S,Long,80
BOS,4/12,Angels,3,Nolan Schanuel,1B,000 0,100 0,000 1,100 0,No,Triston Casas,Pablo Reyes,2B,RH,Back,R,Long,84.8
BOS,4/14,Angels,6,Mike Trout,6-3,000 0,000 1,000 1,100 0,Yes,Triston Casas,David Hamilton,SS,RH,Back,S,Long,85.1
BOS,4/15,Guardians,9,Will Brennan,4-6 FC,100 0,100 1,100 1,010 1,Yes,Triston Casas,David Hamilton,SS,RH,Back,S,Stretch,85.1
BOS,4/16,Guardians,4,Ramon Laureano,6-3,000 1,000 2,000 2,100 1,Yes,Triston Casas,David Hamilton,SS,RH,Fore,S,Short,85.1
BOS,4/18,Guardians,5,Ramon Laureano,E5,000 0,010 0,000 1,010 0,No,Triston Casas,Pablo Reyes,3B,RH,Back,S,Stretch,84.8
BOS,4/23,Guardians,3,Andres Gimenez,4-6-3 DP,110 1,000 3,000 3,010 2 +1,Yes,Bobby Dalbec,Ceddanne Rafaela,SS,RH,Back,S,Short,86.4
BOS,4/24,Guardians,5,Brayan Rocchio,3-6-3 DP,100 1,000 3,000 3,010 2,Yes,Bobby Dalbec,Ceddanne Rafaela,SS,RH,Back,R,Short,86.4
BOS,4/25,Guardinas,4,Steven Kwan,1B,000 1,100 1,100 1,100 1,Yes,Bobby Dalbec,David Hamilton,2B,RH,Back,S,Short,78.5
BOS,4/26,Cubs,4,Miguel Amaya,E5,100 1,101 1,010 2,101 1,No,Bobby Dalbec,Pablo Reyes,3B,RH,Fore,S,Stretch,84.8
BOS,5/2,Giants,1,Jorge Soler,5-3,000 1,000 2,000 2,100 1,Yes,Bobby Dalbec,Rafael Devers,3B,RH,Back,R,Long,84.7
BOS,5/4,Twins,1,Carlos Correa,5-3,011 1,001 2 +1,001 2 +1,010 1 +2,Yes,Garrett Cooper,Rafael Devers,3B,RH,Back,S,Stretch,84.7
BOS,5/4,Twins,2,Carlos Santana,4-3,000 0,000 1,000 1,100 0,Yes,Garrett Cooper,David Hamilton,2B,RH,Fore,L,Stretch,78.5
BOS,5/11,Nationals,3,Jacob Young,E4,000 2,100 2,100 2,100 2,No,Dom Smith,Ceddanne Rafaela,SS,LH,Fore,S,Stretch,86.4
BOS,5/14,Rays,11,Isaac Paredes,E6,110 2,011 2 +1,000 3,011 2 +1,No,Romy Gonzalez,Ceddanne Rafaela,SS,RH,Back,S,Long,86.4
BOS,5/16,Rays,4,Jose Caballero,E6,000 1,100 1,000 2,100 1,No,Dom Smith,Ceddanne Rafaela,SS,LH,Fore,S,Stretch,86.4
BOS,5/19,Cardinals,8,Paul Goldschmidt,6-3,100 2,000 3,000 3,011 2,Yes,Dom Smith,Ceddanne Rafaela,SS,LH,Fore,S,Short,86.4
BOS,5/20,Rays,1,Yandy Diaz,6-3,000 0,000 1,000 1,100 0,Yes,Dom Smith,Ceddanne Rafaela,SS,LH,Back,S,Short,86.4
BOS,5/22,Rays,7,Jonny DeLuca,1B,101 1,110 1 +1,110 1 +1,011 1 +1,Yes,Dom Smith,Rafael Devers,3B,LH,Back,S,Long,84.7
BOS,5/24,Brewers,5,Joey Ortiz,6-3,001 2,000 3,000 3,010 2 +1,Yes,Dom Smith,David Hamilton,SS,LH,Back,S,Short,85.1
BOS,6/1,Tigers,5,Javier Baez,5-3,000 1,000 2,000 2,100 1,Yes,Dom Smith,Rafael Devers,3B,LH,Back,S,Long,84.7
BOS,6/2,Tigers,6,Javier Baez,4-3,101 2,000 3,000 3,011 2 +1,Yes,Dom Smith,Enmanuel Valdez,2B,LH,Fore,S,Stretch,74.8
BOS,6/4,Braves,7,Sean Murphy,5-3,000 0,000 1,000 1,100 0,Yes,Dom Smith,Rafael Devers,3B,LH,Back,S,Short,84.7
BOS,6/8,White Sox,2,Gavin Sheets,1B,000 0,100 0,100 0,100 0,No,Dom Smith,David Hamilton,SS,LH,Back,L,Long,85.1
BOS,6/8,White Sox,8,Danny Mendick,5-3,000 0,000 1,000 1,100 0,Yes,Dom Smith,Jamie Westbrook,3B,LH,Fore,S,Short,77.2
BOS,6/11,Phillies,3,Johan Rojas,6-3,000 0,000 1,000 1,100 0,Yes,Dom Smith,David Hamilton,SS,LH,Fore,S,Long,85.1
BOS,6/12,Phillies,3,Johan Rojas,4-3,011 2,000 3,000 3,010 2 +2,Yes,Bobby Dalbec,Jamie Westbrook,2B,RH,Back,S,Stretch,77.2
BOS,6/12,Phillies,7,Alec Bohm,6-3,010 1,010 2,010 2,010 1 +1,Yes,Bobby Dalbec,David Hamilton,SS,RH,Back,S,Stretch,85.1
BOS,6/13,Phillies,4,Edmundo Sosa,1B,000 0,100 0,100 0,100 0,Yes,Dom Smith,David Hamilton,3B,LH,Fore,R,Short,85.1
BOS,6/24,Blue Jays,3,Alejandro Kirk,6-3,000 1,000 2,000 2,100 1,Yes,Dom Smith,Ceddanne Rafaela,SS,LH,Back,S,Long,86.4
BOS,6/26,Blue Jays,6,Brian Serven,5-3,000 0,000 1,000 1,100 0,Yes,Triston Casas,Rafael Devers,3B,LH,Fore,L,Long,84.7
BOS,7/5,Yankees,3,DJ LeMahieu,4-6 FC,110 0,101 1,101 1,010 1 +1,Yes,Romy Gonzalez,Ceddanne Rafaela,SS,RH,Back,S,Short,86.4
BOS,7/5,Yankees,4,Gleyber Torres,1B,110 1,111 1,111 1,011 1 +1,Yes,Romy Gonzalez,Ceddanne Rafaela,SS,RH,Fore,S,Long,86.4
BOS,7/11,A's,4,Zack Gelof,6-3,000 2,000 3,000 3,100 2,Yes,Dom Smith,Ceddanne Rafaela,SS,LH,Back,S,Long,86.4
BOS,7/12,Royals,1,Vinnie Pasquantino,1B,110 0,111 0,111 0,011 0 +1,Yes,Romy Gonzalez,David Hamilton,SS,RH,Fore,L,Long,85.1
BOS,7/12,Royals,3,Hunter Renfroe,5-3,000 1,000 2,000 2,100 1,Yes,Romy Gonzalez,Rafael Devers,3B,RH,Fore,S,Long,84.7
BOS,7/14,Royals,9,Hunter Renfroe,1B,000 1,100 1,100 1,100 1,Yes,Dom Smith,Romy Gonzalez,SS,LH,Fore,R,Stretch,81.2
BOS,7/22,Rockies,4,Michael Toglia,6-3,110 2,000 3,000 3,011 2 +1,Yes,Romy Gonzalez,Ceddanne Rafaela,SS,RH,Back,S,Short,86.4
BOS,7/31,Mariners,1,Josh Rojas,6-3,000 0,000 1,000 1,100 0,Yes,Dom Smith,Ceddanne Rafaela,SS,LH,Back,S,Short,86.4
BOS,8/2,Rangers,6,Nate Lowe,1B,000 1,100 1,000 2,100 1,No,Dom Smith,Ceddanne Rafaela,SS,LH,Back,L,Short,86.4
BOS,8/3,Rangers,5,Corey Seager,5-3,000 0,000 1,000 1,100 0,Yes,Connor Wong,Rafael Devers,3B,RH,Back,S,Long,84.7
BOS,8/9,Astros,2,Jeremy Pena,5-3,000 1,000 2,000 2,100 1,Yes,Dom Smith,Rafael Devers,3B,LH,Fore,S,Stretch,84.7
BOS,8/9,Astros,3,Mauricio Dubon,6-3,000 0,000 1,000 1,100 0,Yes,Dom Smith,David Hamilton,SS,LH,Back,S,Long,85.1
BOS,8/10,Astros,3,Alex Bregman,6-3,000 2,000 3,000 3,100 2,Yes,Dom Smith,David Hamilton,SS,LH,Fore,S,Stretch,85.1
BOS,8/11,Astros,5,Mauricio Dubon,5-3,100 2,000 3,000 3,011 2,Yes,Dom Smith,Nick Sogard,3B,LH,Fore,S,Stretch,79.5
BOS,8/14,Rangers,1,Adolis Garcia,1B,100 2,110 2,110 2,011 2,Yes,Dom Smith,David Hamilton,SS,LH,Fore,S,Long,85.1
BOS,8/14,Rangers,8,Wyatt Langford,1B,000 1,100 1,100 1,010 1,Yes,Romy Gonzalez,Rafael Devers,3B,RH,Fore,L,Long,84.7
BOS,8/17,Orioles,2,Ramon Urias,6-3,110 2,000 3,000 3,011 2 +1,Yes,Triston Casas,Ceddanne Rafaela,SS,RH,Back,S,Long,86.4
BOS,8/19,Astros,7,Shay Whitcomb,1B,000 0,100 0,100 0,100 0,Yes,Triston Casas,Rafael Devers,3B,RH,Fore,S,Long,84.7
BOS,8/21,Astros,1,Yainer Diaz,1B,000 1,100 1,100 1,100 1,No,Triston Casas,Rafael Devers,3B,RH,Back,S,Short,84.7
BOS,8/29,Blue Jays,1,George Springer,5-3,000 0,000 1,000 1,100 0,Yes,Triston Casas,Nick Sogard,3B,RH,Fore,S,Stretch,79.5
BOS,8/30,Tigers,2,Spencer Torkelson,5-3,000 1,000 2,000 2,100 1,Yes,Triston Casas,Nick Sogard,3B,RH,Fore,S,Long,79.5
BOS,9/1,Tigers,1,Matt Vierling,4-3,000 2,000 3,000 3,100 2,Yes,Triston Casas,Romy Gonzalez,2B,RH,Back,S,Short,81.2
BOS,9/2,Mets,3,Luis Torrens,4-3,000 0,000 1,000 1,100 0,Yes,Triston Casas,Enmanuel Valdez,2B,RH,Fore,S,Stretch,74.8
BOS,9/9,Orioles,2,Cedric Mullins,4-3,100 2,000 3,000 3,011 2,Yes,Connor Wong,Romy Gonzalez,2B,RH,Back,R,Stretch,81.2
BOS,9/15,Yankees,7,Gleyber Torres,1B,000 0,100 0,100 0,100 0,Yes,Connor Wong,Trevor Story,SS,RH,Fore,L,Stretch,80
BOS,9/18,Rays,3,Junior Caminero,5-3,000 2,000 3,000 3,100 2,Yes,Triston Casas,Rafael Devers,3B,RH,Back,S,Stretch,84.7
BOS,9/20,Twins,7,Christian Vazquez,5-3,000 0,000 1,000 1,100 0,Yes,Triston Casas,Rafael Devers,3B,RH,Fore,S,Long,84.7
BOS,9/23,Blue Jays,7,Alejandro Kirk,1B,000 1,100 1,100 1,100 1,Yes,Triston Casas,Trevor Story,SS,RH,Back,S,Long,80
BOS,9/27,Rays,2,Richie Palacios,5-3,000 2,000 3,000 3,100 2,Yes,Triston Casas,Nick Sogard,3B,RH,Back,R,Long,79.5
CHC,3/28,Rangers,6,Wyatt Langford,1B,000 1,100 1,100 1,010 1,Yes,Michael Busch,Dansby Swanson,SS,RH,Back,S,Long,81.3
CHC,3/28,Rangers,8,Josh Jung,FC + E4,100 0,010 1,000 2,010 1,No,Michael Busch,Nico Hoerner,2B,RH,Back,S,Stretch,75.1
CHC,3/31,Rangers,2,Andrew Knizner,E5,000 1,010 1,000 2,010 1,No,Michael Busch,Christopher Morel,3B,RH,Back,R,Stretch,90.7
CHC,3/31,Rangers,5,Ezequiel Duran,1B,000 0,100 0,100 0,010 0,Yes,Michael Busch,Nico Hoerner,2B,RH,Back,R,Stretch,75.1
CHC,4/1,Rockies,7,Elias Diaz,5-3,100 1,010 2,010 2,101 1,Yes,Michael Busch,Nick Madrigal,3B,RH,Back,S,Short,83.1
CHC,4/2,Rockies,6,Kris Bryant,5-3,010 2,000 3,000 3,010 2 +1,Yes,Garrett Cooper,Nick Madrigal,3B,RH,Back,S,Long,83.1
CHC,4/5,Dodgers,9,Teoscar Hernandez,6-3,110 1,011 2,011 2,011 1 +1,Yes,Michael Busch,Dansby Swanson,SS,RH,Back,R,Long,81.3
CHC,4/6,Dodgers,8,Chris Taylor,E5,000 2,100 2,000 3,100 2,No,Michael Busch,Miles Mastrobuoni,3B,RH,Back,S,Stretch,84.2
CHC,4/7,Dodgers,3,Miguel Rojas,6-3,000 0,000 1,000 1,100 0,Yes,Michael Busch,Dansby Swanson,SS,RH,Back,S,Long,81.3
CHC,4/8,Padres,8,Jake Cronenowrth,4-3,000 2,000 3,000 3,100 2,Yes,Michael Busch,Nico Hoerner,2B,RH,Back,R,Short,75.1
CHC,4/9,Padres,8,Xander Bogaerts,6-3,100 2,000 3,000 3,011 2,Yes,Michael Busch,Dansby Swanson,SS,RH,Back,S,Stretch,81.3
CHC,4/12,Mariners,6,JP Crawford,1B,000 2,100 2,000 3,100 2,No,Michael Busch,Nico Hoerner,2B,RH,Back,R,Short,75.1
CHC,4/13,Mariners,2,Mitch Haniger,E3,000 0,100 0,000 1,100 0,No,Michael Busch,Dansby Swanson,SS,RH,Back,S,Short,81.3
CHC,4/13,Mariners,5,JP Crawford,1B,000 1,100 1,100 1,100 1,Yes,Michael Busch,Dansby Swanson,SS,RH,Back,S,Long,81.3
CHC,4/13,Mariners,6,Mitch Garver,5-3,110 0,011 1,011 1,011 0 +1,Yes,Michael Busch,Christopher Morel,3B,RH,Back,R,Long,90.7
CHC,4/16,Diamondbacks,5,Tucker Barnhart,5-3,011 2,000 3,000 3,010 2 +2,Yes,Michael Busch,Christopher Morel,3B,RH,Back,S,Stretch,90.7
CHC,4/16,Diamondbacks,8,Corbin Carroll,E6,000 0,100 0,100 0,010 0,Yes,Michael Busch,Dansby Swanson,SS,RH,Back,S,Short,81.3
CHC,4/17,Diamondbacks,1,Eugenio Suarez,4-3,001 2,000 3,000 3,010 2 +1,Yes,Michael Busch,Nico Hoerner,2B,RH,Back,S,Long,75.1
CHC,4/17,Diamondbacks,3,Christian Walker,5-3 DP,110 1,000 3,000 3,011 2,Yes,Michael Busch,Christopher Morel,3B,RH,Back,S,Short,90.7
CHC,4/19,Marlins,2,Jesus Sanchez,4-3,000 1,000 2,000 2,100 1,Yes,Garrett Cooper,Nico Hoerner,2B,RH,Back,S,Stretch,75.1
CHC,4/20,Marlins,8,Jesus Sanchez,1B,000 2,100 2,100 2,100 2,Yes,Garrett Cooper,Dansby Swanson,SS,RH,Fore,S,Long,81.3
CHC,4/25,Astros,7,Chas McCormick,6-3,000 2,000 3,000 3,100 2,Yes,Michael Busch,Dansby Swanson,SS,RH,Fore,S,Short,81.3
CHC,4/26,Red Sox,5,Ceddanne Rafaela,E6,000 2,010 2,000 3,010 2,No,Michael Busch,Dansby Swanson,SS,RH,Fore,L,Stretch,81.3
CHC,4/26,Red Sox,6,Tyler O'Neill,1B,000 0,100 0,100 0,100 0,No,Michael Busch,Christopher Morel,3B,RH,Fore,L,Stretch,90.7
CHC,4/27,Red Sox,3,Connor Wong,6-3,100 2,000 3,000 3,011 2,Yes,Michael Busch,Dansby Swanson,SS,RH,Back,S,Short,81.3
CHC,4/28,Red Sox,7,Rob Refsnyder,5-3,000 2,000 3,000 3,100 2,Yes,Michael Busch,Christopher Morel,3B,RH,Back,S,Stretch,90.7
CHC,4/29,Mets,7,Mark Vientos,4-3,100 2,000 3,000 3,011 2,Yes,Michael Busch,Nico Hoerner,2B,RH,Back,R,Stretch,75.1
CHC,4/29,Mets,8,Tomas Nido,1B,000 1,100 1,000 2,100 1,No,Michael Busch,Christopher Morel,3B,RH,Fore,L,Short,90.7
CHC,4/30,Mets,6,JD Martinez,E6,000 1,100 1,000 2,100 1,No,Patrick Wisdom,Dansby Swanson,SS,RH,Fore,L,Stretch,81.3
CHC,5/1,Mets,3,Tyrone Taylor,1B,000 2,100 2,000 3,100 2,No,Michael Busch,Christopher Morel,3B,RH,Fore,L,Stretch,90.7
CHC,5/5,Brewers,1,Willy Adames,6-3,001 2,000 3,000 3,100 2 +1,Yes,Michael Busch,Dansby Swanson,SS,RH,Back,S,Long,81.3
CHC,5/7,Padres,7,Jose Azocar,1B 3-6-2,000 2,100 2,000 3,100 2,No,Michael Busch,Christopher Morel,3B,RH,Fore,L,Stretch,90.7
CHC,5/10,Pirates,4,Yasmani Grandal,1-6-4-3 DP,100 0,000 2,000 2,011 0,Yes,Michael Busch,Nico Hoerner,2B,RH,Fore,S,Short,75.6
CHC,5/11,Pirates,6,Edward Olivares,5-3,001 2,000 3,000 3,100 2 +1,Yes,Michael Busch,Nick Madrigal,3B,RH,Back,S,Long,83.1
CHC,5/12,Pirates,10,Jared Triolo,6-4 FC,100 0,100 1,100 1,010 1,Yes,Patrick Wisdom,Miles Mastrobuoni,2B,RH,Back,S,Stretch,84.2
CHC,5/15,Braves,5,Orlando Arcia,6-3,000 0,000 1,000 1,100 0,Yes,Michael Busch,Miles Mastrobuoni,SS,RH,Fore,L,Stretch,84.2
CHC,5/22,Braves,6,Ronald Acuna Jr,6-3,000 0,000 1,000 1,100 0,Yes,Patrick Wisdom,Dansby Swanson,SS,RH,Back,S,Short,81.3
CHC,5/25,Cardinals,5,Paul Goldschmidt,5-3,010 1,001 2,001 2,010 1 +1,Yes,Michael Busch,Patrick Wisdom,3B,RH,Back,S,Long,87.7
CHC,5/28,Brewers,10,Owen Miller,1B,001 2,100 2 +1,100 2 +1,010 2 +1,Yes,Michael Busch,Nico Hoerner,2B,RH,Back,S,Short,75.6
CHC,5/31,Reds,4,Jonathan India,4-6-3 DP,110 1,000 3,000 3,010 2 +1,Yes,Cody Bellinger,Dansby Swanson,SS,LH,Fore,S,Stretch,81.3
CHC,6/4,White Sox,3,Martin Maldonado,6-4-3 DP,100 0,000 2,000 2,010 1,Yes,Michael Busch,Nico Hoerner,2B,RH,Fore,S,Short,75.6
CHC,6/4,White Sox,4,Danny Mendick,5-3,010 1,001 2,001 2,100 1 +1,Yes,Michael Busch,Christopher Morel,3B,RH,Back,S,Short,90.7
CHC,6/4,White Sox,6,Gavin Sheets,4-3,000 0,000 1,000 1,100 0,Yes,Michael Busch,Nico Hoerner,2B,RH,Back,R,Short,75.6
CHC,6/4,White Sox,7,Andrew Vaughn,6-3,000 1,000 2,000 2,100 1,Yes,Patrick Wisdom,Dansby Swanson,SS,RH,Back,L,Short,81.3
CHC,6/5,White Sox,3,Lenyn Sosa,1B,000 1,100 1,000 2,100 1,No,Michael Busch,Christopher Morel,3B,RH,Fore,L,Stretch,90.7
CHC,6/13,Rays,7,Amed Rosario,1B E5,000 0,010 0,000 1,010 0,No,Cody Bellinger,Patrick Wisdom,3B,LH,Back,L,Short,87.7
CHC,6/18,Giants,2,Matt Chapman,1B,000 0,100 0,100 0,100 0,Yes,Michael Busch,Nico Hoerner,2B,RH,Back,R,Long,75.6
CHC,6/23,Mets,3,Pete Alonso,5-3,000 2,000 3,000 3,100 2,Yes,Michael Busch,Christopher Morel,3B,RH,Back,R,Short,90.7
CHC,6/24,Giants,3,Curt Casali,6-3,000 0,000 1,000 1,100 0,Yes,Michael Busch,Dansby Swanson,SS,RH,Fore,S,Long,81.3
CHC,6/25,Giants,1,Heliot Ramos,5-3,000 1,000 2,000 2,100 1,Yes,Michael Busch,Christopher Morel,3B,RH,Fore,S,Long,90.7
CHC,6/29,Brewers,1,William Contreras,1B,000 1,100 1,100 1,100 1,Yes,Michael Busch,Christopher Morel,3B,RH,Back,S,Long,90.7
CHC,6/29,Brewers,7,Andruw Monasterio,1B,000 2,100 2,100 2,100 2,Yes,Michael Busch,Dansby Swanson,SS,RH,Fore,R,Long,81.3
CHC,7/2,Phillies,1,Trea Turner,5-3,000 1,000 2,000 2,100 2,Yes,Michael Busch,Christopher Morel,3B,RH,Back,S,Stretch,90.7
CHC,7/2,Phillies,8,Nick Castellanos,1B,000 0,100 0,100 0,100 0,Yes,Michael Busch,Nico Hoerner,2B,RH,Back,S,Long,75.6
CHC,7/2,Phillies,9,Bryson Stott,4-3,000 1,000 2,000 2,100 1,Yes,Michael Busch,Nico Hoerner,2B,RH,Back,S,Short,75.6
CHC,7/13,Cardinals,2,Matt Carpenter,1B,000 0,100 0,100 0,100 0,Yes,Michael Busch,Dansby Swanson,SS,RH,Fore,S,Long,81.3
CHC,7/23,Brewers,1,Willy Adames,6-4-3 DP,110 1,000 3,000 3,010 2 +1,Yes,Michael Busch,Nico Hoerner,2B,RH,Back,S,Stretch,75.6
CHC,7/27,Royals,3,Maikel Garcia,6-3,010 0,010 1,010 1,010 0 +1,Yes,Michael Busch,Dansby Swanson,SS,RH,Back,S,Stretch,81.3
CHC,7/29,Reds,7,Jonathan India,6-3,000 1,000 2,000 2,010 1,Yes,Michael Busch,Dansby Swanson,SS,RH,Back,S,Long,81.3
CHC,7/30,Reds,6,Santiago Espinal,1B,000 1,100 1,100 1,010 1,Yes,Michael Busch,Dansby Swanson,SS,RH,Fore,L,Long,81.3
CHC,7/31,Reds,5,Jonathan India,4-6-3 DP,100 1,000 3,000 3,010 2,Yes,Patrick Wisdom,Dansby Swanson,SS,RH,Back,S,Long,81.3
CHC,8/2,Cardinals,7,Masyn Winn,6-4-3 DP,100 1,000 3,000 3,010 2,Yes,Michael Busch,Nico Hoerner,2B,RH,Back,S,Short,75.6
CHC,8/4,Cardinals,8,Paul Goldschmidt,6-4,100 1,100 2,100 2,010 2,Yes,Michael Busch,Nico Hoerner,2B,RH,Back,S,Stretch,75.6
CHC,8/18,Blue Jays,5,George Springer,1B,000 2,100 2,000 3,100 2,No,Michael Busch,Dansby Swanson,SS,RH,Fore,S,Stretch,81.3
CHC,8/20,Tigers,4,Jace Jung,6-4-3 DP,100 1,000 3,000 3,010 2,Yes,Michael Busch,Nico Hoerner,2B,RH,Back,S,Long,75.6
CHC,8/27,Pirates,1,Nick Gonzales,5-3,110 0,011 1,011 1,011 0 +1,Yes,Cody Bellinger,Isaac Paredes,3B,LH,Back,S,Stretch,81.7
CHC,8/30,Nationals,6,Juan Yepez,5-3,000 1,000 2,000 2,100 1,Yes,Michael Busch,Isaac Paredes,3B,RH,Back,S,Short,81.7
CHC,9/2,Pirates,7,Bryan De La Cruz,5-3,100 0,010 1,010 1,011 0,Yes,Michael Busch,Isaac Paredes,3B,RH,Back,S,Short,81.7
CHC,9/3,Pirates,3,Oneil Cruz,4-6 FC,110 0,101 1,001 2,101 1,No,Michael Busch,Dansby Swanson,SS,RH,Back,S,Short,81.3
CHC,9/4,Pirates,1,Bryan Reynolds,E5,000 1,100 1,000 2,100 1,No,Michael Busch,Isaac Paredes,3B,RH,Fore,L,Long,81.7
CHC,9/7,Yankees,1,Gleyber Torres,1B,000 0,100 0,100 0,100 0,Yes,Michael Busch,Dansby Swanson,SS,RH,Back,S,Long,81.3
CHC,9/9,Dodgers,6,Miguel Rojas,4-6-3 DP,110 0,001 2,001 2,010 1 +1,Yes,Michael Busch,Dansby Swanson,SS,RH,Fore,L,Stretch,81.3
CHC,9/11,Dodgers,8,Mookie Betts,5-3,000 0,000 1,000 1,100 0,Yes,Michael Busch,Isaac Paredes,3B,RH,Back,S,Long,81.7
CHC,9/16,A's,7,Brent Rooker,5-4 FC,100 1,100 2,000 3,010 2,No,Michael Busch,Nico Hoerner,2B,RH,Back,R,Stretch,75.6
CHC,9/16,A's,8,Shea Langeliers,6-3,000 0,000 1,000 1,100 0,Yes,Michael Busch,Dansby Swanson,SS,RH,Back,S,Short,81.3
CHC,9/21,Nationals,2,Juan Yepez,1B,000 0,100 0,100 0,100 0,Yes,Michael Busch,Nico Hoerner,2B,RH,Fore,S,Long,75.6
CHC,9/23,Phillies,6,Trea Turner,6-3,000 2,000 3,000 3,100 2,Yes,Michael Busch,Luis Vazquez,SS,RH,Back,S,Short,84.8
CHC,9/24,Phillies,4,Alec Bohm,6-3,000 0,000 1,000 1,100 0,Yes,Cody Bellinger,Dansby Swanson,SS,LH,Back,S,Short,81.3
CHC,9/28,Reds,1,Jonathan India,5-3,000 0,000 1,000 1,100 0,Yes,Michael Busch,Patrick Wisdom,3B,RH,Fore,L,Stretch,87.7
CHC,9/28,Reds,9,Elly De La Cruz,6-3,000 0,000 1,000 1,100 0,Yes,Cody Bellinger,Dansby Swanson,SS,LH,Fore,R,Stretch,81.3
CHC,9/28,Reds,9,Spencer Steer,6-3,000 2,000 3,000 3,100 2,Yes,Cody Bellinger,Dansby Swanson,SS,LH,Back,S,Long,81.3
CHW,3/28,Tigers,6,Mark Canha,5-3,000 1,000 2,000 2,100 1,Yes,Andrew Vaughn,Yoan Moncada,3B,RH,Back,S,Short,85.4
CHW,4/7,Royals,3,Hunter Renfroe,5-3,000 0,000 1,000 1,100 0,Yes,Gavin Sheets,Yoan Moncada,3B,LH,Fore,S,Long,85.4
CHW,4/8,Guardians,8,Tyler Freeman,E5,000 0,100 0,000 1,100 0,No,Andrew Vaughn,Yoan Moncada,3B,RH,Back,R,Stretch,85.4
CHW,4/9,Guardians,4,Andres Gimenez,1B,100 2,110 2,110 2,011 2,Yes,Andrew Vaughn,Lenyn Sosa,3B,RH,Back,S,Short,83.4
CHW,4/17,Royals,5,Hunter Renfroe,5-3,000 1,000 2,000 2,100 1,Yes,Andrew Vaughn,Lenyn Sosa,3B,RH,Back,S,Stretch,83.4
CHW,4/19,Phillies,7,Cristian Pache,6-3,000 0,000 1,000 1,100 0,Yes,Andrew Vaughn,Paul DeJong,SS,RH,Back,S,Stretch,80.7
CHW,4/26,Rays,9,Amed Rosario,1B,000 0,100 0,100 0,100 0,Yes,Andrew Vaughn,Nicky Lopez,2B,RH,Back,S,Stretch,81.3
CHW,4/29,Twins,7,Christian Vazquez,E5,000 2,100 2,000 3,100 2,No,Andrew Vaughn,Danny Mendick,3B,RH,Back,S,Stretch,77.3
CHW,5/5,Cardinals,8,Masyn Winn,1B,000 0,100 0,100 0,100 0,Yes,Andrew Vaughn,Bryan Ramos,3B,RH,Fore,R,Long,80.7
CHW,5/5,Cardinals,9,Paul Goldschmidt,6-3,000 1,000 2,000 2,100 1,Yes,Andrew Vaughn,Paul DeJong,SS,RH,Back,L,Short,80.7
CHW,5/7,Rays,6,Ben Rortvedt,5-3,100 2,000 3,000 3,011 2,Yes,Andrew Vaughn,Bryan Ramos,3B,RH,Back,S,Long,80.7
CHW,5/10,Guardians,3,Brayan Rocchio,5-3,001 2,000 3,000 3,010 2 +1,Yes,Andrew Vaughn,Bryan Ramos,3B,RH,Back,S,Short,80.7
CHW,5/10,Guardians,5,Gabriel Arias,1B,100 2,110 2,110 2,011 2,Yes,Andrew Vaughn,Bryan Ramos,3B,RH,Back,S,Long,80.7
CHW,5/11,Guardians,8,Gabriel Arias,5-3,000 1,000 2,000 2,100 1,Yes,Andrew Vaughn,Bryan Ramos,3B,RH,Back,R,Long,80.7
CHW,5/15,Nationals,6,Joey Meneses,E6,000 0,100 0,000 1,100 0,No,Andrew Vaughn,Paul DeJong,SS,RH,Back,S,Short,80.7
CHW,5/18,Yankees,1,Aaron Judge,1B,000 1,100 1,100 1,100 1,No,Andrew Vaughn,Danny Mendick,3B,RH,Back,S,Stretch,77.3
CHW,5/18,Yankees,3,Gleyber Torres,5-3,000 2,000 3,000 3,100 2,Yes,Andrew Vaughn,Danny Mendick,3B,RH,Back,S,Stretch,77.3
CHW,5/22,Blue Jays,7,Isiah Kiner-Falefa,1B,000 1,100 1,100 1,100 1,Yes,Gavin Sheets,Zach Remillard,3B,LH,Fore,S,Short,81.3
CHW,5/27,Blue Jays,5,Danny Jansen,4-3,000 1,000 2,000 2,100 1,Yes,Andrew Vaughn,Nicky Lopez,2B,RH,Back,S,Short,81.3
CHW,5/28,Blue Jays,9,Vladimir Guerrero Jr,4-3,010 2,000 3,000 3,010 2 +1,Yes,Andrew Vaughn,Zach Remillard,2B,RH,Back,S,Long,81.3
CHW,5/29,Blue Jays,5,Bo Bichette,6-3,000 1,000 2,000 2,100 1,Yes,Andrew Vaughn,Paul DeJong,SS,RH,Back,S,Stretch,80.7
CHW,5/31,Brewers,7,Jake Bauers,1B,001 2,100 2 +1,000 3,100 2 +1,No,Gavin Sheets,Paul DeJong,SS,LH,Back,S,Long,80.7
CHW,6/1,Brewers,5,Christian Yelich,4-3,100 2,000 3,000 3,011 2,Yes,Gavin Sheets,Danny Mendick,2B,LH,Back,S,Short,77.3
CHW,6/2,Brewers,7,Jackosn Chourio,1B,000 2,100 2,100 2,100 2,Yes,Gavin Sheets,Lenyn Sosa,3B,LH,Back,S,Long,83.4
CHW,6/4,Cubs,4,Seiya Suzuki,4-3,000 0,000 1,000 1,100 0,Yes,Andrew Vaughn,Danny Mendick,2B,RH,Back,S,Long,77.3
CHW,6/11,Mariners,7,Julio Rodriguez,1B,100 2,110 2,110 2,011 2,Yes,Andrew Vaughn,Nicky Lopez,2B,RH,Back,S,Stretch,81.3
CHW,6/20,Astros,7,Cooper Hummel,E5,101 2,110 2 +1,000 3,110 2 +1,No,Andrew Vaughn,Lenyn Sosa,3B,RH,Back,S,Short,83.4
CHW,6/23,Tigers,1,Mark Canha,E6,000 1,100 1,000 2,100 1,No,Andrew Vaughn,Paul DeJong,SS,RH,Back,S,Stretch,80.7
CHW,7/4,Guardians,1,Jose Ramirez,5U FC,110 0,110 1,110 1,011 1,Yes,Gavin Sheets,Lenyn Sosa,3B,LH,Back,L,Stretch,83.4
CHW,7/12,Pirates,5,Ke'Bryan Hayes,1B,000 0,100 0,100 0,100 0,Yes,Andrew Vaughn,Lenyn Sosa,2B,RH,Back,S,Long,78.8
CHW,7/12,Pirates,6,Connor Joe,1B,000 1,100 1,100 1,100 1,Yes,Andrew Vaughn,Paul DeJong,SS,RH,Fore,R,Long,80.7
CHW,7/22,Rangers,5,Marcus Semien,6-3,000 2,000 3,000 3,100 2,Yes,Andrew Vaughn,Nicky Lopez,SS,RH,Back,S,Long,84.3
CHW,7/23,Rangers,6,Adolis Garcia,6-3,000 1,000 2,000 2,100 1,Yes,Andrew Vaughn,Nicky Lopez,SS,RH,Back,S,Stretch,84.3
CHW,7/27,Mariners,3,Randy Arozarena,1B,100 2,110 2,110 2,011 2,Yes,Andrew Vaughn,Nicky Lopez,SS,RH,Back,R,Long,84.3
CHW,7/28,Mariners,4,Dylan Moore,5-3,101 2,000 3,000 3,011 2 +1,Yes,Gavin Sheets,Paul DeJong,3B,LH,Back,S,Short,81.3
CHW,8/12,Yankees,5,DJ LeMahieu,4-3,100 2,000 3,000 3,011 2,Yes,Gavin Sheets,Brooks Baldwin,2B,LH,Back,S,Stretch,75.8
CHW,8/13,Yankees,6,Gleyber Torres,5-3,000 0,000 1,000 1,100 0,Yes,Andrew Vaughn,Miguel Vargas,3B,RH,Back,S,Long,87.1
CHW,8/14,Yankees,5,DJ LeMahieu,1B,010 2,101 2,101 2,010 2 +1,Yes,Gavin Sheets,Miguel Vargas,3B,LH,Fore,S,Long,87.1
CHW,8/23,Tigers,3,Spencer Torkelson,5-3,100 2,000 3,000 3,011 2,Yes,Andrew Vaughn,Lenyn Sosa,3B,RH,Back,S,Long,83.4
CHW,8/23,Tigers,5,Matt Vierling,6-3,000 1,000 2,000 2,100 1,Yes,Andrew Vaughn,Nicky Lopez,SS,RH,Back,S,Stretch,84.3
CHW,8/27,Rangers,6,Adolis Garcia,5-3,000 1,000 2,000 2,100 1,Yes,Andrew Vaughn,Miguel Vargas,3B,RH,Back,S,Stretch,87.1
CHW,8/27,Rangers,9,Marcus Semien,5-3,000 1,000 2,000 2,100 1,Yes,Andrew Vaughn,Miguel Vargas,3B,RH,Back,S,Long,87.1
CHW,8/28,Rangers,8,Josh Jung,5-3,100 2,000 3,000 3,011 2,Yes,Gavin Sheets,Miguel Vargas,3B,LH,Fore,S,Long,87.1
CHW,8/30,Mets,7,Mark Vientos,5-3,000 2,000 3,000 3,100 2,Yes,Gavin Sheets,Miguel Vargas,3B,LH,Back,S,Long,87.1
CHW,9/8,Red Sox,6,Tyler O'Neill,6-3,000 2,000 3,000 3,100 2,Yes,Andrew Vaughn,Jacob Amaya,SS,RH,Back,R,Long,80.9
CHW,9/11,Guardians,3,Lane Thomas,1B,011 2,100 2 +2,100 2 +2,010 2 +2,Yes,Andrew Vaughn,Lenyn Sosa,2B,RH,Back,S,Long,78.8
CHW,9/17,Angels,7,Taylor Ward,1B,000 0,100 0,100 0,100 0,Yes,Gavin Sheets,Nicky Lopez,SS,LH,Fore,S,Short,84.3
CHW,9/21,Padres,1,Luis Arraez,1B,000 0,100 0,100 0,100 0,Yes,Andrew Vaughn,Miguel Vargas,3B,RH,Back,S,Long,87.1
CIN,4/2,Phillies,3,Trea Turner,6-3,000 2,000 3,000 3,100 2,Yes,Christian Encarnacion-Strand,Elly De La Cruz,SS,RH,Back,R,Long,91
CIN,4/3,Phillies,1,Bryce Harper,1B,000 2,100 2,100 2,100 2,Yes,Christian Encarnacion-Strand,Jeimer Candelario,3B,RH,Back,S,Short,80.1
CIN,4/8,Brewers,2,Sal Frelick,1B,000 1,100 1,100 1,100 1,Yes,Christian Encarnacion-Strand,Santiago Espinal,2B,RH,Back,S,Long,74.1
CIN,4/9,Brewers,8,William Contreras,1B,000 1,100 1,100 1,100 1,Yes,Christian Encarnacion-Strand,Jonathan India,2B,RH,Back,R,Long,76.1
CIN,4/17,Mariners,3,Mitch Haniger,6-3,010 1,001 2,001 2,010 1 +1,Yes,Spencer Steer,Elly De La Cruz,SS,RH,Back,S,Long,91
CIN,4/19,Angels,3,Anthony Rendon,1B 3-2,010 2,000 3,000 3,010 2 +1,Yes,Spencer Steer,Elly De La Cruz,SS,RH,Back,R,Stretch,91
CIN,4/20,Angels,1,Anthony Rendon,1B,000 0,100 0,100 0,100 0,Yes,Christian Encarnacion-Strand,Elly De La Cruz,SS,RH,Fore,L,Long,91
CIN,4/22,Phillies,8,JT Realmuto,5-3,000 0,000 1,000 1,100 0,Yes,Christian Encarnacion-Strand,Jeimer Candelario,3B,RH,Back,S,Short,80.1
CIN,4/22,Phillies,9,Nick Castellanos,E5,000 0,100 0,100 0,100 0,Yes,Christian Encarnacion-Strand,Jeimer Candelario,3B,RH,Fore,L,Short,80.1
CIN,4/25,Phillies,4,Nick Castellanos,6-3,000 1,000 2,000 2,100 1,Yes,Christian Encarnacion-Strand,Elly De La Cruz,SS,RH,Back,S,Long,91
CIN,5/5,Orioles,8,Anthony Santander,1B,000 0,100 0,100 0,100 0,No,Christian Encarnacion-Strand,Elly De La Cruz,SS,RH,Back,S,Short,91
CIN,5/5,Orioles,9,Jordan Westburg,4-3,000 2,000 3,000 3,100 2,Yes,Christian Encarnacion-Strand,Jonathan India,2B,RH,Back,R,Short,76.1
CIN,5/8,Diamondbacks,5,Christian Walker,6-4-3 DP,110 1,000 3,000 3,010 2 +1,Yes,Jeimer Candelario,Jonathan India,2B,RH,Back,S,Stretch,76.1
CIN,5/12,Giants,5,Blake Sabol,1B E6,100 2,001 2 +1,000 3,001 2 +1,No,Jeimer Candelario,Elly De La Cruz,SS,RH,Back,S,Stretch,91
CIN,5/12,Giants,6,Tyler Fitzgerald,5-3,000 1,000 2,000 2,100 1,Yes,Jeimer Candelario,Santiago Espinal,3B,RH,Back,S,Long,80.1
CIN,5/15,Diamondbacks,4,Christian Walker,1B,100 1,110 1,110 1,011 1,Yes,Mike Ford,Jeimer Candelario,3B,RH,Fore,S,Long,80.1
CIN,5/15,Diamondbacks,5,Blaze Alexander,6-3,000 0,000 1,000 1,100 0,Yes,Mike Ford,Santiago Espinal,SS,RH,Back,R,Short,79.3
CIN,5/22,Padres,3,Luis Arraez,1B,000 1,100 1,100 1,100 1,Yes,Spencer Steer,Jeimer Candelario,3B,RH,Back,S,Long,80.1
CIN,5/25,Dodgers,4,Gavin Lux,4-3,010 2,000 3,000 3,010 2 +1,Yes,Spencer Steer,Jonathan India,2B,RH,Fore,S,Stretch,76.1
CIN,5/26,Dodgers,1,Freddie Freeman,6-3,010 1,010 2,010 2,010 1 +1,Yes,Spencer Steer,Elly De La Cruz,SS,RH,Back,R,Short,91
CIN,5/29,Cardinals,7,Lars Nootbaar,1B,100 2,110 2,110 2,011 2,Yes,Spencer Steer,Elly De La Cruz,SS,RH,Back,S,Long,91
CIN,5/31,Cubs,2,Nico Hoerner,E5,000 0,010 0,000 1,010 0,No,Spencer Steer,Jeimer Candelario,3B,RH,Fore,L,Stretch,80.1
CIN,6/2,Cubs,9,Nico Hoerner,6-3,010 1,010 2,010 2,010 1 +1,Yes,Spencer Steer,Elly De La Cruz,SS,RH,Back,S,Stretch,91
CIN,6/3,Rockies,2,Hunter Goodman,6-3,000 1,000 2,000 2,100 1,Yes,Spencer Steer,Elly De La Cruz,SS,RH,Back,S,Long,91
CIN,6/4,Rockies,5,Brenton Doyle,E5,000 2,010 2,000 3,010 2,No,Spencer Steer,Jeimer Candelario,3B,RH,Back,R,Stretch,80.1
CIN,6/23,Red Sox,3,Jarren Duran,1B,000 1,100 1,100 1,100 1,Yes,Jeimer Candelario,Elly De La Cruz,SS,RH,Back,S,Long,91
CIN,6/24,Pirates,2,Ke'Bryan Hayes,5-3,000 2,000 3,000 3,100 2,Yes,Jeimer Candelario,Santiago Espinal,3B,RH,Fore,S,Short,80.1
CIN,6/24,Pirates,3,Edward Olivares,1B E5,000 0,010 0,000 1,010 0,No,Jeimer Candelario,Santiago Espinal,3B,RH,Back,R,Stretch,80.1
CIN,6/24,Pirates,6,Nick Gonzales,6-3,000 0,000 1,000 1,100 0,Yes,Jeimer Candelario,Elly De La Cruz,SS,RH,Fore,L,Long,91
CIN,7/5,Tigers,8,Matt Vierling,1B,000 2,100 2,100 2,100 2,Yes,Spencer Steer,Elly De La Cruz,SS,RH,Fore,S,Long,91
CIN,7/7,Tigers,8,Gio Urshela,E5,000 2,100 2,000 3,100 2,No,Jeimer Candelario,Noelvi Marte,3B,RH,Fore,L,Stretch,87.2
CIN,7/13,Marlins,9,Nick Fortes,1 FC,010 1,101 1,101 1,101 1,No,Spencer Steer,Noelvi Marte,3B,RH,Fore,S,Stretch,87.2
CIN,7/14,Marlins,9,Nick Fortes,1B,100 1,110 2,110 2,011 2,Yes,Jeimer Candelario,Santiago Espinal,3B,RH,Back,R,Long,80.1
CIN,7/20,Nationals,4,James Wood,6U FC,110 0,101 1,101 1,010 1 +1,Yes,Jeimer Candelario,Elly De La Cruz,SS,RH,Back,S,Stretch,91
CIN,7/20,Nationals,7,Juan Yepez,5-3,010 1,010 2,010 2,010 1 +1,Yes,Jeimer Candelario,Santiago Espinal,3B,RH,Back,S,Stretch,80.1
CIN,7/22,Braves,5,Nacho Alvarez,5-3,100 2,000 3,000 3,011 2,Yes,Spencer Steer,Noelvi Marte,3B,RH,Back,S,Long,87.2
CIN,7/26,Rays,1,Amed Rosario,5-3,000 1,000 2,000 2,100 1,Yes,Spencer Steer,Noelvi Marte,3B,RH,Back,S,Short,87.2
CIN,7/26,Rays,4,Alex Jackson,4-3,011 2,000 3,000 3,010 2 +2,Yes,Spencer Steer,Jonathan India,2B,RH,Back,S,Stretch,76.1
CIN,7/27,Rays,6,Alex Jackson,5-3,000 1,000 2,000 2,100 1,Yes,Spencer Steer,Noelvi Marte,3B,RH,Fore,S,Stretch,87.2
CIN,8/5,Marlins,4,Jesus Sanchez,E6,000 0,010 0,000 1,010 0,Yes,Ty France,Elly De La Cruz,SS,RH,Back,S,Stretch,91
CIN,8/14,Cardinals,9,Jordan Walker,1B,000 1,100 1,100 1,100 1,Yes,Spencer Steer,Noelvi Marte,3B,RH,Back,S,Long,87.2
CIN,8/23,Pirates,2,Bryan De La Cruz,6-3,000 2,000 3,000 3,100 2,Yes,Ty France,Elly De La Cruz,SS,RH,Back,S,Long,91
CIN,8/29,A's,7,JJ Bleday,1B,000 0,100 0,100 0,100 0,Yes,Ty France,Elly De La Cruz,SS,RH,Back,S,Long,91
CIN,9/1,Brewers,7,Rhys Hoskins,6-3,000 0,000 1,000 1,100 0,Yes,Ty France,Elly De La Cruz,SS,RH,Back,S,Short,91
CIN,9/4,Astros,3,Chas McCormick,5-3,000 0,000 1,000 1,100 0,Yes,Ty France,Santiago Espinal,3B,RH,Fore,S,Long,80.1
CIN,9/5,Astros,1,Jose Altuve,6-3,000 0,000 1,000 1,100 0,Yes,Ty France,Elly De La Cruz,SS,RH,Back,S,Long,91
CIN,9/5,Astros,6,Yainer Diaz,6-3,000 0,000 1,000 1,100 0,Yes,Ty France,Elly De La Cruz,SS,RH,Back,S,Long,91
CIN,9/9,Braves,1,Sean Murphy,5-3,110 2,000 3,000 3,011 2 +1,Yes,Ty France,Noelvi Marte,3B,RH,Fore,S,Stretch,87.2
CIN,9/9,Braves,7,Matt Olson,1B,000 1,100 1,100 1,100 1,Yes,Ty France,Noelvi Marte,3B,RH,Fore,L,Short,87.2
CIN,9/12,Cardinals,2,Lars Nootbaar,1B,000 1,100 1,100 1,100 1,Yes,Ty France,Elly De La Cruz,SS,RH,Back,R,Short,91
CIN,9/17,Braves,6,Marcell Ozuna,5-3,000 1,000 2,000 2,100 1,Yes,Ty France,Noelvi Marte,3B,RH,Back,S,Short,87.2
CIN,9/21,Pirates,1,Isiah Kiner-Falefa,6-3,000 0,000 1,000 1,100 0,Yes,Ty France,Elly De La Cruz,SS,RH,Back,S,Short,91
CIN,9/21,Pirates,3,Isiah Kiner-Falefa,6-3,000 1,000 2,000 2,100 1,Yes,Ty France,Elly De La Cruz,SS,RH,Back,S,Short,91
CIN,9/27,Cubs,6,Cody Bellinger,6-3,000 2,000 3,000 3,100 2,Yes,Spencer Steer,Elly De La Cruz,SS,RH,Back,S,Long,91
CLE,3/28,A's,4,JJ Bleday,E6,000 0,100 0,000 1,100 0,No,Josh Naylor,Brayan Rocchio,SS,LH,Back,L,Short,83.7
CLE,3/29,A's,3,Nick Allen,6-3,000 0,000 1,000 1,100 0,Yes,Josh Naylor,Brayan Rocchio,SS,LH,Back,S,Long,83.7
CLE,3/29,A's,4,Shea Langeliers,1B,000 0,100 0,100 0,100 0,Yes,Josh Naylor,Brayan Rocchio,SS,LH,Fore,R,Long,83.7
CLE,4/3,Mariners,2,Luis Urias,6-3,000 2,000 3,000 3,100 2,Yes,Josh Naylor,Brayan Rocchio,SS,LH,Back,S,Short,83.7
CLE,4/3,Mariners,9,Mitch Garver,6-3,000 0,000 1,000 1,100 0,Yes,Josh Naylor,Brayan Rocchio,SS,LH,Fore,R,Long,83.7
CLE,4/13,Yankees,1,Aaron Judge,E4,110 0,111 0,011 1,111 0,No,Josh Naylor,Andres Gimenez,2B,LH,Back,S,Short,86.6
CLE,4/16,Red Sox,4,Triston Casas,5-3,000 0,000 1,000 1,100 0,Yes,Josh Naylor,Jose Ramirez,3B,LH,Back,S,Short,81.1
CLE,4/19,A's,3,JJ Bleday,5-3,000 0,000 1,000 1,100 0,Yes,Josh Naylor,Jose Ramirez,3B,LH,Back,L,Short,81.1
CLE,4/21,A's,5,Nick Allen,E5,000 1,100 1,000 2,100 1,No,David Fry,Gabriel Arias,3B,RH,Back,S,Short,93.9
CLE,4/23,Red Sox,1,Wilyer Abreu,6-3,100 2,000 3,000 3,011 2,Yes,Josh Naylor,Brayan Rocchio,SS,LH,Back,S,Short,83.7
CLE,5/1,Astros,8,Jose Altuve,5-3,010 0,001 1,001 1,010 0 +1,Yes,Josh Naylor,Jose Ramirez,3B,LH,Back,S,Long,81.1
CLE,5/1,Astros,9,Yainer Diaz,5-4 FC E4,100 1,010 2,000 3,010 2,No,Josh Naylor,Andres Gimenez,2B,LH,Fore,R,Stretch,86.6
CLE,5/2,Astros,2,Jeremy Pena,4-3,000 1,000 2,000 2,100 1,Yes,Josh Naylor,Andres Gimenez,2B,LH,Back,S,Stretch,86.6
CLE,5/2,Astros,4,Jeremy Pena,1B,000 1,100 1,100 1,100 1,Yes,Josh Naylor,Andres Gimenez,2B,LH,Back,S,Short,86.6
CLE,5/5,Angels,1,Mickey Moniak,6-3,000 1,000 2,000 2,100 1,Yes,Josh Naylor,Gabriel Arias,SS,LH,Back,S,Short,93.9
CLE,5/8,Tigers,5,Wenceel Perez,6-3,000 2,000 3,000 3,100 2,Yes,Josh Naylor,Brayan Rocchio,SS,LH,Back,S,Long,83.7
CLE,5/13,Rangers,4,Nate Lowe,1B,000 2,100 2,000 3,100 2,No,Josh Naylor,Brayan Rocchio,SS,LH,Fore,S,Stretch,83.7
CLE,5/15,Rangers,5,Travis Jankowski,5-3,000 0,000 1,000 1,100 0,Yes,Josh Naylor,Jose Ramirez,3B,LH,Back,S,Short,81.1
CLE,5/19,Twins,4,Ryan Jeffers,6-4-3 DP,100 1,000 3,000 3,010 2,Yes,Josh Naylor,Andres Gimenez,2B,LH,Back,S,Short,86.6
CLE,5/21,Mets,9,Francisco Lindor,1B,000 1,100 1,100 1,100 1,Yes,Josh Naylor,Brayan Rocchio,SS,LH,Fore,R,Long,83.7
CLE,5/21,Mets,9,Harrison Bader,6-3,000 0,000 1,000 1,100 0,Yes,Josh Naylor,Brayan Rocchio,SS,LH,Fore,S,Stretch,83.7
CLE,5/24,Angels,1,Kevin Pillar,1B,000 2,100 2,100 2,100 2,No,Josh Naylor,Andres Gimenez,2B,LH,Fore,L,Long,86.6
CLE,5/24,Angels,9,Cole Tucker,4-3,000 1,000 2,000 2,100 1,Yes,Josh Naylor,Andres Gimenez,2B,LH,Back,S,Short,86.6
CLE,5/25,Angels,4,Jo Adell,E5,000 2,100 2,000 3,100 2,No,Josh Naylor,Jose Ramirez,3B,LH,Back,S,Stretch,81.1
CLE,5/27,Rockies,8,Sean Bouchard,5-3,000 1,000 2,000 2,100 1,Yes,Josh Naylor,Jose Ramirez,3B,LH,Back,S,Short,81.1
CLE,6/14,Blue Jays,8,Davis Schneider,6-3,000 1,000 2,000 2,100 1,Yes,Josh Naylor,Brayan Rocchio,SS,LH,Back,S,Long,83.7
CLE,6/15,Blue Jays,3,Vladimir Guerrero Jr,6-3,000 0,000 1,000 1,100 0,Yes,Josh Naylor,Brayan Rocchio,SS,LH,Back,S,Stretch,83.7
CLE,6/21,Blue Jays,3,Isiah Kiner-Falefa,6-3,000 2,000 3,000 3,100 2,Yes,Josh Naylor,Brayan Rocchio,SS,LH,Back,S,Long,83.7
CLE,6/25,Orioles,7,Gunnar Henderson,1B,000 0,100 0,100 0,100 0,Yes,Gabriel Arias,Jose Ramirez,3B,RH,Back,S,Long,81.1
CLE,6/25,Orioles,8,Adley Rutschman,1B,000 0,100 0,100 0,100 0,Yes,Gabriel Arias,Jose Ramirez,3B,RH,Fore,L,Long,81.1
CLE,6/28,Royals,7,Nick Loftin,6-3,000 1,000 2,000 2,100 1,Yes,Josh Naylor,Brayan Rocchio,SS,LH,Back,S,Stretch,83.7
CLE,6/29,Royals,9,Bobby Witt Jr,6-3,000 0,000 1,000 1,100 0,Yes,Josh Naylor,Gabriel Arias,SS,LH,Fore,S,Short,93.9
CLE,7/5,Giants,1,Jorge Soler,1B,000 0,100 0,000 1,100 0,No,David Fry,Jose Ramirez,3B,RH,Fore,L,Long,81.1
CLE,7/20,Padres,7,Ha-Seong Kim,6-3,100 2,000 3,000 3,011 2,Yes,Jhonkensy Noel,Brayan Rocchio,SS,RH,Back,R,Short,83.7
CLE,7/20,Padres,8,Ha-Seong Kim,E6,000 0,100 0,000 1,100 0,No,Josh Naylor,Daniel Schneemann,SS,LH,Fore,S,Stretch,84.1
CLE,7/20,Padres,9,Xander Bogaerts,1B,000 0,100 0,000 1,100 0,No,Jhonkensy Noel,David Fry,3B,RH,Back,R,Stretch,92.4
CLE,7/26,Phillies,2,JT Realmuto,E5,000 0,100 0,000 1,100 0,No,Jhonkensy Noel,Jose Ramirez,3B,RH,Back,S,Stretch,81.1
CLE,7/27,Phillies,5,Alec Bohm,1B,000 1,100 1,100 1,100 1,No,Jhonkensy Noel,Daniel Schneemann,SS,RH,Back,R,Long,84.1
CLE,8/5,Diamondbacks,10,Alek Thomas,6-3,000 2,000 3,000 3,100 2,Yes,Josh Naylor,Daniel Schneemann,SS,LH,Back,S,Stretch,84.1
CLE,8/9,Twins,2,Christian Vazquez,E6,100 2,100 2 +1,000 3,100 2 +1,No,Josh Naylor,Brayan Rocchio,SS,LH,Back,S,Stretch,83.7
CLE,8/10,Twins,6,Byron Buxton,1B,000 2,100 2,000 3,100 2,No,Josh Naylor,Daniel Schneemann,SS,LH,Fore,S,Stretch,84.1
CLE,8/12,Cubs,3,Seiya Suzuki,1B,000 1,100 1,100 1,100 1,No,Josh Naylor,Tyler Freeman,SS,LH,Fore,R,Long,91.4
CLE,8/17,Brewers,1,Brice Turang,5-3,000 1,000 2,000 2,100 1,Yes,Josh Naylor,Jose Ramirez,3B,LH,Back,S,Short,81.1
CLE,8/20,Yankees,7,Aaron Judge,5-3,100 2,000 3,000 3,011 2,Yes,Josh Naylor,Jose Ramirez,3B,LH,Fore,S,Long,81.1
CLE,8/23,Rangers,4,Marcus Semien,6-3,000 2,000 3,000 3,100 2,Yes,Josh Naylor,Brayan Rocchio,SS,LH,Back,S,Long,83.7
CLE,8/27,Royals,4,Vinnie Pasquantino,6-3,000 0,000 1,000 1,100 0,Yes,Josh Naylor,Brayan Rocchio,SS,LH,Back,S,Long,83.7
CLE,9/2,Royals,3,Tommy Pham,6-3,000 0,000 1,000 1,100 0,Yes,Josh Naylor,Brayan Rocchio,SS,LH,Back,S,Long,83.7
CLE,9/10,White Sox,3,Bryan Ramos,6-3,000 0,000 1,000 1,100 0,Yes,Josh Naylor,Brayan Rocchio,SS,LH,Back,L,Short,83.7
CLE,9/11,White Sox,6,Jacob Amaya,1B,000 1,000 2,000 2,100 1,No,Josh Naylor,Daniel Schneemann,SS,LH,Back,L,Stretch,84.1
CLE,9/17,Twins,8,Ryan Jeffers,6-3,000 2,000 3,000 3,100 2,Yes,Josh Naylor,Brayan Rocchio,SS,LH,Back,S,Long,83.7
CLE,9/24,Reds,8,Noelvi Marte,6-3,000 0,000 1,000 1,100 0,Yes,Josh Naylor,Brayan Rocchio,SS,LH,Back,S,Long,83.7
CLE,9/28,Astros,2,Zach Dezenzo,E6,111 2,011 2 +2,000 3,011 2 +2,No,Kyle Manzardo,Brayan Rocchio,SS,RH,Back,S,Stretch,83.7
COL,3/28,Diamondbacks,1,Gabriel Moreno,5-3,000 2,000 3,000 3,100 2,Yes,Kris Bryant,Ryan McMahon,3B,RH,Back,S,Short,84.6
COL,3/29,Diamondbacks,6,Joc Pederson,1B,000 0,100 0,100 0,100 0,Yes,Elehuris Montero,Ezequiel Tovar,SS,RH,Fore,S,Long,85
COL,3/30,Diamondbacks,5,Ketel Marte,6-3,000 0,000 1,000 1,100 0,Yes,Elehuris Montero,Ezequiel Tovar,SS,RH,Back,S,Long,85
COL,4/1,Cubs,7,Nico Hoerner,1B,000 0,100 0,100 0,100 0,Yes,Kris Bryant,Ezequiel Tovar,SS,RH,Fore,L,Long,85
COL,4/3,Cubs,6,Seiya Suzuki,1B,010 1,101 1,101 1,010 1 +1,Yes,Michael Toglia,Ryan McMahon,3B,LH,Fore,S,Long,84.6
COL,4/5,Rays,9,Jose Siri,E5,010 2,100 2 +1,000 3,100 2 +1,No,Kris Bryant,Ryan McMahon,3B,RH,Back,S,Stretch,84.6
COL,4/6,Rays,7,Jose Siri,6-3,010 1,001 2,001 2,010 1 +1,Yes,Elehuris Montero,Ezequiel Tovar,SS,RH,Back,S,Long,85
COL,4/6,Rays,8,Randy Arozarena,5-3,000 1,000 2,000 2,100 1,Yes,Michael Toglia,Ryan McMahon,3B,LH,Back,S,Stretch,84.6
COL,4/8,Diamondbacks,9,Lourdes Gurriel Jr,1B,101 2,110 2 +1,110 2 +1,011 2 +1,Yes,Michael Toglia,Ezequiel Tovar,SS,LH,Back,S,Long,85
COL,4/16,Phillies,1,Trea Turner,1B,000 1,100 1,000 2,100 1,No,Elehuris Montero,Ezequiel Tovar,SS,RH,Back,R,Stretch,85
COL,4/21,Mariners,7,Julio Rodriguez,1B 6-3-6,100 0,100 1,100 1,011 0,Yes,Michael Toglia,Ezequiel Tovar,SS,LH,Back,L,Long,85
COL,4/22,Padres,6,Eguy Rosario,1B,000 2,100 2,100 2,100 2,Yes,Elehuris Montero,Ezequiel Tovar,SS,RH,Fore,L,Stretch,85
COL,4/23,Padres,6,Xander Bogaerts,6-3,000 1,000 2,000 2,100 1,Yes,Elehuris Montero,Ezequiel Tovar,SS,RH,Back,S,Stretch,85
COL,5/1,Marlins,7,Luis Arraez,6-3,000 0,000 1,000 1,100 0,Yes,Elehuris Montero,Ezequiel Tovar,SS,RH,Fore,S,Stretch,85
COL,5/8,Giants,7,Matt Chapman,E5,010 2,100 2 +1,000 3,100 2 +1,No,Hunter Goodman,Ryan McMahon,3B,RH,Fore,L,Stretch,84.6
COL,5/8,Giants,8,Nick Ahmed,5-3,100 1,010 2,010 2,011 1,Yes,Hunter Goodman,Ryan McMahon,3B,RH,Back,S,Short,84.6
COL,5/10,Rangers,7,Davis Wendzel,6-3,100 1,010 2,010 2,011 1,Yes,Elehuris Montero,Ezequiel Tovar,SS,RH,Back,S,Short,85
COL,5/10,Rangers,7,Robbie Grossman,5-3,000 0,000 1,000 1,100 0,Yes,Elehuris Montero,Ryan McMahon,3B,RH,Back,R,Stretch,84.6
COL,5/11,Rangers,9,Marcus Semien,1B,000 2,100 2,100 2,100 2,No,Elehuris Montero,Ezequiel Tovar,SS,RH,Back,S,Stretch,85
COL,5/12,Rangers,5,Andrew Knizner,6-4-3 DP,100 0,000 2,000 2,010 1,Yes,Hunter Goodman,Brendan Rodgers,2B,RH,Back,S,Stretch,78.6
COL,5/12,Rangers,7,Josh Smith,5-3,100 1,010 2,010 2,011 1,Yes,Hunter Goodman,Ryan McMahon,3B,RH,Back,S,Short,84.6
COL,5/12,Rangers,8,Marcus Semien,6-3,000 0,000 1,000 1,100 0,Yes,Elehuris Montero,Ezequiel Tovar,SS,RH,Fore,S,Long,85
COL,5/15,Padres,7,Xander Bogaerts,1B,000 1,100 1,100 1,100 1,No,Elehuris Montero,Ezequiel Tovar,SS,RH,Back,S,Stretch,85
COL,5/18,Giants,3,Marco Luciano,6-3,010 1,001 2,001 2,010 1 +1,Yes,Elehuris Montero,Ezequiel Tovar,SS,RH,Back,S,Long,85
COL,5/22,A's,7,JD Davis,1B,000 2,100 2,100 2,100 2,Yes,Kris Bryant,Ezequiel Tovar,SS,RH,Fore,S,Long,85
COL,5/23,A's,11,Zack Gelof,1B,010 2,101 2,101 2,010 2 +1,Yes,Kris Bryant,Ezequiel Tovar,SS,RH,Fore,L,Long,85
COL,5/27,Guardians,3,Kyle Manzardo,6-3 DP,100 1,000 3,000 3,011 2,Yes,Elehuris Montero,Ezequiel Tovar,SS,RH,Back,S,Short,85
COL,5/27,Guardians,6,David Fry,6-3,000 0,000 1,000 1,100 0,Yes,Elehuris Montero,Ezequiel Tovar,SS,RH,Back,S,Long,85
COL,5/29,Guardians,2,Tyler Freeman,5-4-3 DP,100 0,000 2,000 2,010 1,Yes,Elehuris Montero,Brendan Rodgers,2B,RH,Back,S,Short,78.6
COL,6/1,Dodgers,6,Andy Pages,1B,000 0,100 0,100 0,100 0,No,Elehuris Montero,Ryan McMahon,3B,RH,Fore,R,Short,84.6
COL,6/15,Pirates,4,Bryan Reynolds,5-3,000 0,000 1,000 1,100 0,Yes,Elehuris Montero,Ryan McMahon,3B,RH,Back,S,Stretch,84.6
COL,6/20,Dodgers,5,Enrique Hernandez,6-3,000 2,000 3,000 3,100 2,Yes,Michael Toglia,Ezequiel Tovar,SS,LH,Fore,S,Long,85
COL,6/22,Nationals,8,Joey Meneses,E6,000 1,010 1,000 2,010 1,No,Michael Toglia,Ezequiel Tovar,SS,LH,Fore,R,Short,85
COL,7/1,Brewers,1,Willy Adames,5-3,001 2,000 3,000 3,010 2 +1,Yes,Michael Toglia,Ryan McMahon,3B,LH,Back,S,Short,84.6
COL,7/2,Brewers,2,Willy Adames,1B,000 0,100 0,100 0,100 0,No,Michael Toglia,Ezequiel Tovar,SS,LH,Fore,L,Stretch,85
COL,7/2,Brewers,2,Brice Turang,6-3,111 2,000 3,000 3,011 2 +2,Yes,Michael Toglia,Ezequiel Tovar,SS,LH,Fore,S,Long,85
COL,7/3,Brewers,3,William Contreras,1B,000 1,100 1,100 1,100 1,Yes,Michael Toglia,Aaron Schunk,SS,LH,Back,S,Long,84.1
COL,7/4,Brewers,5,Willy Adames,5-3,100 2,000 3,000 3,011 2,Yes,Michael Toglia,Ryan McMahon,3B,LH,Back,S,Long,84.6
COL,7/6,Royals,2,Freddy Fermin,5-3,000 2,000 3,000 3,100 2,Yes,Michael Toglia,Ryan McMahon,3B,LH,Fore,S,Long,84.6
COL,7/7,Royals,8,Salvador Perez,1-4 FC,101 0,100 1 +1,100 1 +1,010 1 +1,Yes,Michael Toglia,Aaron Schunk,2B,LH,Back,S,Stretch,83
COL,7/8,Reds,3,Rece Hinds,6-3,000 0,000 1,000 1,100 0,Yes,Michael Toglia,Ezequiel Tovar,SS,LH,Back,S,Long,85
COL,7/21,Giants,2,Matt Chapman,6-3,000 1,000 2,000 2,100 1,Yes,Michael Toglia,Aaron Schunk,SS,LH,Fore,S,Stretch,84.1
COL,7/22,Red Sox,8,Tyler O'Neill,1B,000 1,100 1,000 2,100 1,No,Michael Toglia,Ezequiel Tovar,SS,LH,Back,S,Stretch,85
COL,7/26,Giants,1,Tyler Fitzgerald,5-3,000 0,000 1,000 1,100 0,Yes,Michael Toglia,Ryan McMahon,3B,LH,Back,S,Stretch,84.6
COL,8/1,Angels,1,Michael Stefanic,6-3,000 1,000 2,000 2,100 1,Yes,Michael Toglia,Ezequiel Tovar,SS,LH,Back,S,Long,85
COL,8/11,Braves,2,Travis d'Arnaud,5-3,000 0,000 1,000 1,100 0,Yes,Michael Toglia,Ryan McMahon,3B,LH,Back,S,Stretch,84.6
COL,8/14,Diamondbacks,7,Corbin Carroll,1B,000 0,100 0,100 0,100 0,Yes,Michael Toglia,Brendan Rodgers,2B,LH,Back,S,Long,78.6
COL,8/21,Nationals,1,James Wood,1B E4,000 2,010 2,100 2,010 2,No,Michael Toglia,Brendan Rodgers,2B,LH,Fore,R,Long,78.6
COL,8/25,Yankees,8,Aaron Judge,6-3,000 2,000 3,000 3,100 2,Yes,Michael Toglia,Ezequiel Tovar,SS,LH,Back,S,Stretch,85
COL,8/26,Marlins,1,Connor Norby,5-3,000 1,000 2,000 2,100 1,Yes,Michael Toglia,Ryan McMahon,3B,LH,Back,S,Long,84.6
COL,9/4,Braves,4,Gio Urshela,6-3,000 0,000 1,000 1,100 0,Yes,Michael Toglia,Ezequiel Tovar,SS,LH,Back,S,Long,85
COL,9/13,Cubs,2,Ian Happ,1B,000 2,100 2,000 3,100 2,No,Michael Toglia,Ryan McMahon,3B,LH,Fore,S,Stretch,84.6
COL,9/13,Cubs,3,Seiya Suzuki,5-3,000 0,000 1,000 1,100 0,Yes,Michael Toglia,Ryan McMahon,3B,LH,Fore,S,Stretch,84.6
COL,9/25,Cardinals,3,Paul Goldschmidt,5-3,000 2,000 3,000 3,100 2,Yes,Michael Toglia,Ryan McMahon,3B,LH,Fore,R,Long,84.6
COL,9/25,Cardinals,8,Nolan Arenado,5-3,000 0,000 1,000 1,100 0,Yes,Michael Toglia,Ryan McMahon,3B,LH,Fore,S,Stretch,84.6
DET,3/30,White Sox,7,Eloy Jimenez,5-3 DP,111 1,000 3,000 3,011 2 +1,Yes,Spencer Torkelson,Zach McKinstry,3B,RH,Fore,S,Stretch,85.9
DET,3/30,White Sox,8,Nicky Lopez,E5,100 2,101 2,000 3,101 2,No,Spencer Torkelson,Zach McKinstry,3B,RH,Fore,S,Stretch,85.9
DET,4/1,Mets,5,Brandon Nimmo,4-3,100 2,000 3,000 3,011 2,Yes,Spencer Torkelson,Andy Ibanez,2B,RH,Fore,S,Short,75.3
DET,4/1,Mets,5,Harrison Bader,1B,000 1,100 1,100 1,010 1,Yes,Spencer Torkelson,Andy Ibanez,2B,RH,Back,S,Long,75.3
DET,4/4,Mets,8,Harrison Bader,6-3,000 2,000 3,000 3,100 2,Yes,Spencer Torkelson,Zach McKinstry,SS,RH,Back,S,Short,85.3
DET,4/7,A's,4,Ryan Noda,1B,101 1,110 1 +1,110 1 +1,110 1 +1,No,Spencer Torkelson,Gio Urshela,3B,RH,Fore,S,Stretch,78.6
DET,4/12,Twins,4,Jose Miranda,1B,000 2,100 2,000 3,100 2,No,Spencer Torkelson,Javier Baez,SS,RH,Fore,S,Stretch,88.9
DET,4/13,Twins,3,Kyle Famer,6-3,000 0,000 1,000 1,100 0,Yes,Spencer Torkelson,Javier Baez,SS,RH,Back,S,Stretch,88.9
DET,4/18,Rangers,7,Adolis Garcia,1B,010 1,101 1,101 1,010 1 +1,Yes,Spencer Torkelson,Colt Keith,2B,RH,Fore,L,Long,76.5
DET,4/19,Twins,5,Christian Vazquez,6-3,000 1,000 2,000 2,100 1,Yes,Spencer Torkelson,Zach McKinstry,SS,RH,Fore,S,Short,85.3
DET,4/20,Twins,5,Austin Martin,1B E6,000 0,010 0,000 1,010 0,No,Spencer Torkelson,Javier Baez,SS,RH,Fore,L,Stretch,88.9
DET,4/26,Royals,9,Hunter Renfroe,1B,100 0,110 0,110 0,110 0,No,Spencer Torkelson,Matt Vierling,3B,RH,Fore,S,Long,82.7
DET,4/27,Royals,2,Dairon Blanco,E5,100 0,110 0,110 0,011 0,Yes,Spencer Torkelson,Zach McKinstry,3B,RH,Fore,S,Long,85.9
DET,4/27,Royals,2,Michael Massey,E6,000 0,100 0,100 0,100 0,Yes,Spencer Torkelson,Javier Baez,SS,RH,Back,R,Short,88.9
DET,4/30,Cardinals,6,Ivan Herrera,6-3,000 0,000 1,000 1,100 0,Yes,Spencer Torkelson,Zach McKinstry,SS,RH,Fore,S,Long,85.3
DET,4/30,Cardinals,7,Paul Goldschmidt,1B,010 1,101 1,001 2,101 1,No,Mark Canha,Andy Ibanez,2B,RH,Fore,S,Short,75.3
DET,4/30,Cardinals,8,Ivan Herrera,1B,100 1,110 1,110 1,011 1,Yes,Spencer Torkelson,Matt Vierling,3B,RH,Fore,L,Stretch,82.7
DET,5/11,Astros,7,Yordan Alvarez,4-6-3 DP,111 1,000 3,000 3,010 2 +2,Yes,Spencer Torkelson,Zach McKinstry,SS,RH,Back,S,Stretch,85.3
DET,5/12,Astros,8,Mauricio Dubon,1B,100 1,110 1,110 1,011 1,Yes,Spencer Torkelson,Javier Baez,SS,RH,Fore,S,Long,88.9
DET,5/12,Astros,9,Jake Meyers,1B,101 2,110 2 +1,110 2 +1,011 2 +1,Yes,Spencer Torkelson,Andy Ibanez,3B,RH,Fore,S,Long,75.2
DET,5/14,Marlins,5,Otto Lopez,1B,000 0,100 0,100 0,100 0,No,Spencer Torkelson,Javier Baez,SS,RH,Fore,L,Long,88.9
DET,5/25,Blue Jays,6,Bo Bichette,6-3,000 1,000 2,000 2,100 1,Yes,Mark Canha,Javier Baez,SS,RH,Fore,S,Stretch,88.9
DET,5/26,Blue Jays,2,Isiah Kiner-Falefa,1B,100 1,110 1,110 1,011 1,Yes,Spencer Torkelson,Andy Ibanez,2B,RH,Back,R,Long,75.3
DET,5/26,Blue Jays,9,Ernie Clement,6-3,000 0,000 1,000 1,100 0,Yes,Spencer Torkelson,Javier Baez,SS,RH,Fore,S,Stretch,88.9
DET,5/30,Red Sox,1,Rob Refsnyder,6-3,000 2,000 3,000 3,100 2,Yes,Spencer Torkelson,Javier Baez,SS,RH,Back,R,Short,88.9
DET,5/31,Red Sox,1,Wilyer Abreu,4-6-3 DP,100 0,000 2,000 2,010 1,Yes,Gio Urshela,Zach McKinstry,SS,RH,Back,S,Stretch,85.3
DET,6/1,Red Sox,3,Dom Smith,4-6 FC,101 1,100 2 +1,100 2 +1,010 2 +1,Yes,Spencer Torkelson,Javier Baez,SS,RH,Back,R,Stretch,88.9
DET,6/8,Brewers,2,Sal Frelick,1B,000 1,100 1,100 1,100 1,Yes,Gio Urshela,Javier Baez,SS,RH,Back,S,Stretch,88.9
DET,6/8,Brewers,5,Christian Yelich,1B,010 2,101 2,101 2,010 2 +1,Yes,Gio Urshela,Matt Vierling,3B,RH,Back,S,Short,82.7
DET,6/8,Brewers,5,Brice Turang,1B,000 1,100 1,100 1,100 1,No,Gio Urshela,Zach McKinstry,2B,RH,Back,R,Stretch,85.9
DET,6/16,Astros,5,Chas McCormick,6-3,000 0,000 1,000 1,100 0,Yes,Mark Canha,Zach McKinstry,SS,RH,Fore,S,Short,85.3
DET,6/19,Braves,1,Adam Duvall,6-3,111 2,000 3,000 3,011 2 +2,Yes,Andy Ibanez,Zach McKinstry,SS,RH,Back,R,Stretch,85.3
DET,6/23,White Sox,1,Tommy Pham,5-3,000 0,000 1,000 1,100 0,Yes,Mark Canha,Gio Urshela,3B,RH,Back,S,Short,78.6
DET,6/23,White Sox,3,Martin Maldonado,5-3,000 1,000 2,000 2,100 1,Yes,Mark Canha,Gio Urshela,3B,RH,Fore,S,Stretch,78.6
DET,6/23,White Sox,4,Eloy Jimenez,6-3,000 1,000 2,000 2,100 1,Yes,Mark Canha,Zach McKinstry,SS,RH,Back,R,Long,85.3
DET,6/23,White Sox,9,Eloy Jimenez,6-3,000 0,000 1,000 1,100 0,Yes,Andy Ibanez,Zach McKinstry,SS,RH,Fore,S,Short,85.3
DET,6/25,Phillies,2,Edmundo Sosa,E5,000 2,100 2,000 3,100 2,No,Mark Canha,Gio Urshela,3B,RH,Back,S,Stretch,78.6
DET,6/25,Phillies,8,Trea Turner,6-3,000 2,000 3,000 3,100 2,Yes,Mark Canha,Ryan Kreidler,SS,RH,Back,S,Short,83.6
DET,7/2,Twins,5,Willi Castro,5-3,000 0,000 1,000 1,100 0,Yes,Mark Canha,Gio Urshela,3B,RH,Back,R,Long,78.6
DET,7/5,Reds,6,Jeimer Candelario,E6,110 2,101 2 +1,101 2 +1,101 2 +1,No,Gio Urshela,Ryan Kreidler,SS,RH,Back,R,Long,83.6
DET,7/8,Guardians,4,Josh Naylor,6-3 DP,100 1,000 3,000 3,010 2,Yes,Gio Urshela,Javier Baez,SS,RH,Back,S,Short,88.9
DET,7/19,Blue Jays,7,Alejandro Kirk,6-3,000 1,000 2,000 2,100 1,Yes,Gio Urshela,Zach McKinstry,SS,RH,Fore,L,Short,85.3
DET,7/22,Guardians,4,Jhonkensy Noel,6-3,000 0,000 1,000 1,100 0,Yes,Gio Urshela,Javier Baez,SS,RH,Back,S,Short,88.9
DET,7/24,Guardians,8,Jhonkensy Noel,6-3,011 2,000 3,000 3,010 2 +2,Yes,Gio Urshela,Javier Baez,SS,RH,Back,R,Short,88.9
DET,7/25,Guardians,5,Brayan Rocchio,1-6-3 DP,100 1,000 3,000 3,010 2,Yes,Bligh Madris,Javier Baez,SS,RH,Back,S,Short,88.9
DET,7/26,Twins,8,Brooks Lee,1B,000 1,100 1,000 2,100 1,No,Bligh Madris,Gio Urshela,3B,RH,Back,S,Long,78.6
DET,8/3,Royals,8,Salvador Perez,4-6 FC,100 1,100 2,100 2,010 2,Yes,Bligh Madris,Javier Baez,SS,RH,Back,S,Short,88.9
DET,8/6,Mariners,9,Cade Marlowe,4-6 FC,100 1,100 2,100 2,010 2,Yes,Bligh Madris,Javier Baez,SS,RH,Back,S,Short,88.9
DET,8/10,Giants,5,Matt Chapman,E6,100 2,110 2,000 3,110 2,No,Bligh Madris,Javier Baez,SS,RH,Back,S,Stretch,88.9
DET,8/17,Yankees,1,Gleyber Torres,5-3,000 0,000 1,000 1,100 0,Yes,Spencer Torkelson,Jace Jung,3B,RH,Back,S,Short,86.3
DET,8/17,Yankees,2,Anthony Volpe,1B,010 2,101 2,101 2,010 2 +1,Yes,Spencer Torkelson,Jace Jung,3B,RH,Back,S,Stretch,86.3
DET,8/21,Cubs,3,Ian Happ,E5,000 2,100 2,000 3,100 2,No,Spencer Torkelson,Jace Jung,3B,RH,Fore,S,Stretch,86.3
DET,8/21,Cubs,4,Cody Bellinger,6-3,000 1,000 2,000 2,100 1,Yes,Spencer Torkelson,Trey Sweeney,SS,RH,Back,R,Short,81
DET,8/23,White Sox,4,Cody Bellinger,6-3,011 2,000 3,000 3,010 2 +2,Yes,Spencer Torkelson,Trey Sweeney,SS,RH,Back,R,Short,81
DET,8/25,White Sox,8,Gavin Sheets,1B,000 1,100 1,100 1,100 1,Yes,Spencer Torkelson,Jace Jung,3B,RH,Fore,S,Long,86.3
DET,8/26,White Sox,4,Korey Lee,5-3,000 0,000 1,000 1,100 0,Yes,Spencer Torkelson,Jace Jung,3B,RH,Fore,S,Stretch,86.3
DET,8/26,White Sox,8,Andrew Vaughn,5-3,000 0,000 1,000 1,100 0,Yes,Spencer Torkelson,Jace Jung,3B,RH,Fore,S,Long,86.3
DET,8/28,Angels,6,Logan O'Hoppe,E6,000 2,100 2,100 2,000 3,No,Spencer Torkelson,Trey Sweeney,SS,RH,Fore,S,Stretch,81
DET,8/31,Red Sox,8,Triston Casas,5-3,000 0,000 1,000 1,100 0,Yes,Spencer Torkelson,Ryan Kreidler,3B,RH,Fore,S,Long,83.9
DET,9/5,Padres,7,Elias Diaz,6-3,000 1,000 2,000 2,100 1,Yes,Spencer Torkelson,Andy Ibanez,SS,RH,Back,S,Stretch,75.2
DET,9/6,A's,10,JJ Bleday,5-3,100 2,000 3,000 3,011 2,Yes,Spencer Torkelson,Zach McKinstry,3B,RH,Back,S,Stretch,85.9
DET,9/6,A's,11,Max Schuemann,5-3,000 2,000 3,000 3,100 2,Yes,Spencer Torkelson,Zach McKinstry,3B,RH,Fore,S,Long,85.9
DET,9/13,Orioles,3,Emmanuel Rivera,6-3,000 1,000 2,000 2,100 1,Yes,Spencer Torkelson,Trey Sweeney,SS,RH,Back,R,Long,81
DET,9/26,Rays,1,Junior Caminero,6-3,000 2,000 3,000 3,100 2,Yes,Spencer Torkelson,Trey Sweeney,SS,RH,Back,S,Long,81
DET,9/28,White Sox,7,Jacob Amaya,5-3,000 1,000 2,000 2,100 0,Yes,Spencer Torkelson,Jace Jung,3B,RH,Back,S,Stretch,86.3
HOU,3/30,Yankees,5,Gleyber Torres,1B,000 0,100 0,000 1,100 0,No,Jose Abreu,Jeremy Pena,SS,RH,Back,S,Stretch,80.5
HOU,3/30,Yankees,8,Alex Verdugo,4-3,000 1,000 2,000 2,100 1,Yes,Jose Abreu,Jose Altuve,2B,RH,Back,S,Short,75.5
HOU,4/1,Blue Jays,1,Justin Turner,6-4 FC,100 1,100 2,000 3,100 2,No,Jose Abreu,Jose Altuve,2B,RH,Back,S,Short,75.5
HOU,4/5,Rangers,2,Wyatt Langford,1B,011 2,101 2 +1,101 2 +1,010 2 +2,Yes,Jose Abreu,Jose Altuve,2B,RH,Fore,S,Long,75.5
HOU,4/5,Rangers,7,Travis Jankowski,1B,000 0,100 0,000 1,100 0,No,Jose Abreu,Grae Kessinger,3B,RH,Back,S,Stretch,84
HOU,4/7,Rangers,9,Ezequiel Duran,5-4-3 DP,100 1,000 3,000 3,010 2,Yes,Jose Abreu,Jose Altuve,2B,RH,Back,S,Short,75.5
HOU,4/8,Rangers,1,Adolis Garcia,1B,110 0,111 0,011 1,111 0,No,Jose Abreu,Mauricio Dubon,2B,RH,Back,S,Stretch,88.9
HOU,4/11,Royals,5,Kyle Isbel,1B,000 2,100 2,100 2,100 2,No,Jon Singleton,Jeremy Pena,SS,LH,Fore,R,Long,80.5
HOU,4/15,Braves,2,Luis Guillorme,1B E6,110 2,101 2 +1,000 3,101 2 +1,No,Jose Abreu,Jeremy Pena,SS,RH,Back,R,Long,80.5
HOU,4/19,Nationals,9,Lane Thomas,1B,000 1,100 1,000 2,100 1,No,Jose Abreu,Jose Altuve,2B,RH,Back,R,Short,75.5
HOU,4/21,Naitonals,5,Jacob Young,1B,000 0,100 0,100 0,100 0,Yes,Jon Singleton,Jeremy Pena,SS,LH,Fore,R,Long,80.5
HOU,4/24,Cubs,7,Ian Happ,6-3 DP,100 1,000 3,000 3,010 2,Yes,Jon Singleton,Jeremy Pena,SS,LH,Back,L,Stretch,80.5
HOU,5/1,Guardians,1,Andres Gimenez,5-6 FC E6,100 0,010 1,000 2,010 1,No,Jon Singleton,Jeremy Pena,SS,LH,Fore,S,Stretch,80.5
HOU,5/2,Guardians,7,Gabriel Arias,6-3,000 1,000 2,000 2,100 1,Yes,Jon Singleton,Jeremy Pena,SS,LH,Back,S,Short,80.5
HOU,5/7,Yankees,8,Alex Verdugo,1B,000 0,100 0,100 0,100 0,Yes,Jon Singleton,Jeremy Pena,SS,LH,Fore,S,Stretch,80.5
HOU,5/11,Tigers,2,Spencer Torkelson,5-3,010 0,010 1,010 1,010 0 +1,Yes,Jon Singleton,Alex Bregman,3B,LH,Back,S,Stretch,80.7
HOU,5/13,A's,9,Max Schuemann,1B E5,000 0,010 0,000 1,010 0,No,Jon Singleton,Alex Bregman,3B,LH,Back,L,Long,80.7
HOU,5/19,Brewers,5,Jackson Chourio,1B,000 1,100 1,100 1,100 1,Yes,Jon Singleton,Jeremy Pena,SS,LH,Back,S,Stretch,80.5
HOU,5/20,Angels,4,Jo Adell,6-4-3 DP,110 1,000 3,000 3,010 2 +1,Yes,Jon Singleton,Jose Altuve,2B,LH,Back,S,Stretch,75.5
HOU,5/26,A's,7,JD Davis,5-4 FC,100 1,100 2,100 2,100 2,No,Jon Singleton,Jose Altuve,2B,LH,Fore,S,Long,75.5
HOU,5/28,Mariners,8,Julio Rodriguez,1B E5,011 1,010 1 +2,011 2,010 1 +1,No,Jose Abreu,Alex Bregman,3B,RH,Fore,L,Stretch,80.7
HOU,6/3,Cardinals,4,Masyn Winn,1B,010 2,101 2,101 2,010 2 +1,Yes,Jon Singleton,Alex Bregman,3B,LH,Fore,S,Long,80.7
HOU,6/25,Rockies,7,Hunter Goodman,1B,000 2,100 2,000 3,100 2,No,Mauricio Dubon,Jeremy Pena,SS,RH,Fore,S,Stretch,80.5
HOU,6/28,Mets,4,Mark Vientos,5-3,000 1,000 2,000 2,100 1,Yes,Mauricio Dubon,Alex Bregman,3B,RH,Back,S,Short,80.7
HOU,6/29,Mets,8,Brandon Nimmo,6-3,100 2,000 3,000 3,011 2,Yes,Mauricio Dubon,Jeremy Pena,SS,RH,Back,L,Short,80.5
HOU,7/14,Rangers,9,Adolis Garcia,4-3,000 0,000 1,000 1,100 0,Yes,Jon Singleton,Jose Altuve,2B,LH,Back,S,Long,75.5
HOU,7/20,Mariners,2,Jorge Polanco,6-3,000 0,000 1,000 1,100 0,Yes,Jon Singleton,Jeremy Pena,SS,LH,Fore,S,Long,80.5
HOU,7/24,A's,2,Seth Brown,1B,000 0,100 0,100 0,100 0,No,Jon Singleton,Jeremy Pena,SS,LH,Back,L,Stretch,80.5
HOU,7/26,Dodgers,7,Miguel Vargas,1B,000 0,100 0,100 0,100 0,No,Jon Singleton,Jeremy Pena,SS,LH,Back,L,Long,80.5
HOU,7/29,Pirates,3,Yasmani Grandal,6-3,000 2,000 3,000 3,100 2,Yes,Jon Singleton,Jeremy Pena,SS,LH,Fore,S,Stretch,80.5
HOU,7/29,Pirates,4,Joshua Palacios,6-3,000 0,000 1,000 1,100 0,Yes,Jon Singleton,Jeremy Pena,SS,LH,Fore,S,Stretch,80.5
HOU,8/3,Rays,8,Jose Siri,6-3,000 1,000 2,000 2,100 1,Yes,Jon Singleton,Jeremy Pena,SS,LH,Back,S,Stretch,80.5
HOU,8/3,Rays,9,Josh Lowe,1B,000 2,100 2,100 2,100 2,No,Jon Singleton,Jeremy Pena,SS,LH,Fore,S,Long,80.5
HOU,8/6,Rangers,6,Jonah Heim,E5,000 0,100 0,000 1,100 0,No,Jon Singleton,Alex Bregman,3B,LH,Fore,S,Stretch,80.7
HOU,8/12,Rays,6,Jose Caballero,5-3,000 0,000 1,000 1,100 0,Yes,Jon Singleton,Alex Bregman,3B,LH,Fore,S,Short,80.7
HOU,8/13,Rays,4,Junior Caminero,1B,000 2,100 2,000 3,100 2,No,Yainer Diaz,Jeremy Pena,SS,RH,Fore,S,Long,80.5
HOU,8/14,Rays,1,Christopher Morel,5-4-3 DP,100 1,000 3,000 3,010 2,Yes,Zach Dezenzo,Jose Altuve,2B,RH,Back,S,Stretch,75.5
HOU,8/18,White Sox,2,Korey Lee,6-3,000 0,000 1,000 1,100 0,Yes,Zach Dezenzo,Jeremy Pena,SS,RH,Fore,S,Stretch,80.5
HOU,8/18,White Sox,5,Lenyn Sosa,1B,000 1,100 1,100 1,100 1,Yes,Zach Dezenzo,Shay Whitcomb,3B,RH,Back,S,Long,81
HOU,8/25,Orioles,3,Jackson Holliday,6-4 FC,100 1,100 2,100 2,100 2,No,Zach Dezenzo,Jose Altuve,2B,RH,Back,R,Short,75.5
HOU,8/28,Phillies,8,Austin Hays,1B,000 0,100 0,100 0,100 0,Yes,Zach Dezenzo,Jeremy Pena,SS,RH,Back,S,Long,80.5
HOU,8/30,Royals,5,Freddy Fermin,6-3,000 1,000 2,000 2,100 1,Yes,Victor Caratini,Jeremy Pena,SS,RH,Fore,S,Stretch,80.5
HOU,8/30,Royals,9,Bobby Witt Jr,E6,000 0,100 0,000 1,100 0,No,Victor Caratini,Jeremy Pena,SS,RH,Fore,L,Stretch,80.5
HOU,8/31,Royals,7,Nick Loftin,6-4 FC,101 1,100 2 +1,100 2 +1,010 2 +1,Yes,Zach Dezenzo,Jose Altuve,2B,RH,Back,S,Stretch,75.5
HOU,9/1,Royals,7,Salvador Perez,5-3,000 2,000 3,000 3,100 2,Yes,Jon Singleton,Shay Whitcomb,3B,LH,Back,S,Stretch,81
HOU,9/4,Reds,2,Ty France,1B,000 1,100 1,000 2,100 1,No,Zach Dezenzo,Jeremy Pena,SS,RH,Fore,S,Stretch,80.5
HOU,9/12,A's,5,Nick Allen,6-3,000 1,000 2,000 2,100 1,Yes,Jon Singleton,Jeremy Pena,SS,LH,Back,S,Short,80.5
HOU,9/21,Angels,2,Jack Lopez,6-3,010 1,010 2,010 2,010 1 +1,Yes,Victor Caratini,Jeremy Pena,SS,RH,Back,S,Stretch,80.5
HOU,9/22,Angels,5,Logan O'Hoppe,5-3,000 0,000 1,000 1,100 0,Yes,Yainer Diaz,Alex Bregman,3B,RH,Back,S,Long,80.7
HOU,9/22,Angels,7,Gustavo Campero,1B,010 1,101 1,101 1,010 1 +1,Yes,Yainer Diaz,Alex Bregman,3B,RH,Back,S,Long,80.7
HOU,9/23,Mariners,6,Julio Rodriguez,1B,000 0,100 0,100 0,100 0,Yes,Victor Caratini,Jeremy Pena,SS,RH,Back,R,Long,80.5
HOU,9/25,Mariners,7,Randy Arozarena,E5,110 2,101 2 +1,000 3,101 2 +1,No,Jon Singleton,Shay Whitcomb,3B,LH,Back,S,Short,81
HOU,9/27,Guardians,1,Kyle Manzardo,4-6-3 DP,100 0,000 2,000 2,010 1,Yes,Victor Caratini,Grae Kessinger,SS,RH,Back,S,Long,81.2
KCR,3/28,Twins,9,Carlos Correa,1B,101 1,110 1 +1,110 1 +1,110 1 +1,No,Vinnie Pasquantino,Maikel Garcia,3B,LH,Fore,L,Stretch,87.5
KCR,3/30,Twins,2,Ryan Jeffers,5-3,010 2,000 3,000 3,010 2 +1,Yes,Vinnie Pasquantino,Maikel Garcia,3B,LH,Back,S,Long,87.5
KCR,4/1,Orioles,8,Ryan Mountcastle,1B,101 2,110 2 +1,000 3,110 2 +1,No,Nick Loftin,Bobby Witt Jr,SS,RH,Back,S,Stretch,88.5
KCR,4/1,Orioles,9,Austin Hays,6-3,000 0,000 1,000 1,100 0,Yes,Nick Loftin,Bobby Witt Jr,SS,RH,Back,S,Short,88.5
KCR,4/3,Orioles,5,Austin Hays,5-3,000 1,000 2,000 2,100 1,Yes,Salvador Perez,Maikel Garcia,3B,RH,Back,S,Long,87.5
KCR,4/4,White Sox,1,Yoan Moncada,1B,000 1,100 1,000 2,100 1,No,Vinnie Pasquantino,Maikel Garcia,3B,LH,Fore,S,Stretch,87.5
KCR,4/4,White Sox,4,Braden Shewmake,6-3,110 1,011 2,011 2,011 1 +1,Yes,Vinnie Pasquantino,Bobby Witt Jr,SS,LH,Back,S,Stretch,88.5
KCR,4/9,Astros,10,Jeremy Pena,1B,010 2,101 2,101 2,010 2 +1,Yes,Vinnie Pasquantino,Bobby Witt Jr,SS,LH,Fore,S,Long,88.5
KCR,4/12,Mets,6,DJ Stewart,4-6-3 DP,100 0,000 2,000 2,010 1,Yes,Vinnie Pasquantino,Bobby Witt Jr,SS,LH,Back,S,Stretch,88.5
KCR,4/21,Orioles,9,Ramon Urias,1B,101 2,110 2 +1,110 2 +1,011 2 +1,Yes,Vinnie Pasquantino,Bobby Witt Jr,SS,LH,Back,L,Long,88.5
KCR,4/22,Blue Jays,4,Davis Schneider,6-3,000 0,000 1,000 1,100 0,Yes,Vinnie Pasquantino,Bobby Witt Jr,SS,LH,Back,S,Long,88.5
KCR,4/23,Blue Jays,9,Cavan Biggio,4-3,000 0,000 1,000 1,100 0,Yes,Vinnie Pasquantino,Michael Massey,2B,LH,Fore,R,Short,77.4
KCR,4/26,Tigers,4,Spencer Torkelson,1B,100 1,110 1,010 2,110 1,No,Vinnie Pasquantino,Bobby Witt Jr,SS,LH,Fore,S,Stretch,88.5
KCR,4/26,Tigers,8,Riley Greene,E5,000 2,100 2,000 3,100 2,No,Vinnie Pasquantino,Maikel Garcia,3B,LH,Back,S,Stretch,87.5
KCR,5/3,Rangers,4,Travis Jankowski,6-3,010 2,000 3,000 3,010 2 +1,Yes,Salvador Perez,Bobby Witt Jr,SS,RH,Back,S,Short,88.5
KCR,5/11,Angels,7,Kyren Paris,1B,100 0,110 0,110 0,011 0,Yes,Vinnie Pasquantino,Bobby Witt Jr,SS,LH,Fore,R,Long,88.5
KCR,5/13,Mariners,6,Ty France,5-3,000 0,000 1,000 1,100 0,Yes,Vinnie Pasquantino,Maikel Garcia,3B,LH,Fore,L,Stretch,87.5
KCR,5/17,A's,5,JD Davis,6-3,000 0,000 1,000 1,100 0,Yes,Vinnie Pasquantino,Bobby Witt Jr,SS,LH,Back,S,Short,88.5
KCR,5/24,Rays,2,Jose Siri,5-3,000 2,000 3,000 3,100 2,Yes,Salvador Perez,Maikel Garcia,3B,RH,Back,S,Long,87.5
KCR,5/24,Rays,5,Alex Jackson,6-3,000 0,000 1,000 1,100 0,Yes,Salvador Perez,Bobby Witt Jr,SS,RH,Back,S,Long,88.5
KCR,5/27,Twins,4,Ryan Jeffers,1B,000 1,100 1,100 1,100 1,No,Vinnie Pasquantino,Bobby Witt Jr,SS,LH,Back,L,Stretch,88.5
KCR,5/28,Twins,1,Manuel Margot,1B,000 0,100 0,100 0,100 0,Yes,Vinnie Pasquantino,Bobby Witt Jr,SS,LH,Fore,S,Long,88.5
KCR,5/29,Twins,5,Trevor Larnach,1B,000 0,100 0,100 0,100 0,No,Nick Loftin,Adam Frazier,2B,RH,Fore,R,Stretch,76.4
KCR,5/30,Twins,1,Carlos Correa,6-3,100 0,010 1,010 1,011 0,Yes,Salvador Perez,Bobby Witt Jr,SS,RH,Fore,S,Long,88.5
KCR,5/30,Twins,6,Willi Castro,1B E6,000 1,010 1,000 2,010 1,No,Salvador Perez,Bobby Witt Jr,SS,RH,Fore,L,Stretch,88.5
KCR,6/18,A's,3,Max Schuemann,1B,010 0,101 0,101 0,010 0 +1,Yes,Salvador Perez,Bobby Witt Jr,SS,RH,Fore,S,Stretch,88.5
KCR,6/28,Guardians,3,Austin Hedges,1-6-4 FC,100 0,100 1,100 1,010 1,Yes,Vinnie Pasquantino,Bobby Witt Jr,SS,LH,Fore,R,Stretch,88.5
KCR,7/3,Rays,2,Amed Rosario,E5,000 0,100 0,000 1,100 0,No,Vinnie Pasquantino,Nick Loftin,3B,LH,Back,S,Stretch,83.4
KCR,7/3,Rays,7,Jose Caballero,E6,000 1,100 1,000 2,100 1,No,Vinnie Pasquantino,Bobby Witt Jr,SS,LH,Fore,S,Short,88.5
KCR,7/6,Rockies,2,Brendan Rodgers,E5,000 0,100 0,000 1,100 0,No,Vinnie Pasquantino,Maikel Garcia,3B,LH,Fore,S,Long,87.5
KCR,7/7,Rockies,8,Brenton Doyle,5-3,100 2,000 3,000 3,011 2,Yes,Salvador Perez,Maikel Garcia,3B,RH,Back,S,Stretch,87.5
KCR,7/7,Rockies,8,Ezequiel Tovar,6-4 FC,100 0,100 1,000 2,100 1,No,Salvador Perez,Michael Massey,2B,RH,Back,S,Short,77.4
KCR,7/21,White Sox,6,Luis Robert Jr,5-3,110 2,000 3,000 3,011 2 +1,Yes,Vinnie Pasquantino,Maikel Garcia,3B,LH,Fore,S,Stretch,87.5
KCR,7/22,Diamondbacks,9,Ketel Marte,1B,000 1,100 1,100 1,100 1,Yes,Vinnie Pasquantino,Adam Frazier,2B,LH,Fore,S,Stretch,76.4
KCR,7/29,White Sox,9,Andrew Vaughn,6-3,000 2,000 3,000 3,100 2,Yes,Vinnie Pasquantino,Bobby Witt Jr,SS,LH,Fore,S,Stretch,88.5
KCR,8/1,Tigers,5,Gio Urshela,1B,000 0,100 0,000 1,100 0,No,Vinnie Pasquantino,Michael Massey,2B,LH,Back,L,Stretch,77.4
KCR,8/24,Phillies,4,JT Realmuto,1B,100 2,110 2,110 2,011 2,Yes,Vinnie Pasquantino,Bobby Witt Jr,SS,LH,Fore,S,Long,88.5
KCR,8/25,Phillies,4,Bryson Stott,1B,000 0,100 0,100 0,100 0,Yes,Salvador Perez,Maikel Garcia,2B,RH,Back,S,Long,82.3
KCR,8/29,Astros,3,Jose Altuve,5-3,000 2,000 3,000 3,100 2,Yes,Vinnie Pasquantino,Maikel Garcia,3B,LH,Back,S,Short,87.5
KCR,9/18,Tigers,6,Parker Meadows,1B,100 1,110 1,110 1,011 1,Yes,Yuli Gurriel,Bobby Witt Jr,SS,RH,Back,S,Long,88.5
LAA,3/28,Orioles,1,Anthony Santander,5-4 FC,111 0,101 1 +1,101 1 +1,010 1 +2,Yes,Nolan Schanuel,Brandon Drury,2B,RH,Back,S,Stretch,76.5
LAA,4/1,Marlins,1,Jesus Sanchez,6 FC,110 1,111 1,111 1,011 1 +1,Yes,Nolan Schanuel,Zach Neto,SS,RH,Back,S,Stretch,87.9
LAA,4/1,Marlins,5,Tim Anderson,5-3,010 1,001 2,001 2,010 1 +1,Yes,Nolan Schanuel,Anthony Rendon,3B,RH,Back,S,Short,82.5
LAA,4/1,Marlins,6,Jake Burger,6-4-3 DP,110 1,000 3,000 3,010 2 +1,Yes,Nolan Schanuel,Brandon Drury,2B,RH,Back,S,Short,76.5
LAA,4/13,Red Sox,1,Ceddanne Rafaela,1B,001 2,100 2 +1,100 2 +1,010 2 +1,Yes,Nolan Schanuel,Zach Neto,SS,RH,Back,S,Long,87.9
LAA,4/15,Rays,6,Jose Caballero,5-3,000 2,000 3,000 3,100 2,Yes,Nolan Schanuel,Miguel Sano,3B,RH,Back,S,Long,91.9
LAA,4/16,Rays,4,Amed Rosario,6-3,010 2,000 3,000 3,010 2 +1,Yes,Miguel Sano,Zach Neto,SS,RH,Fore,S,Long,87.9
LAA,4/18,Rays,6,Harold Ramirez,5-4 FC,110 0,101 1,101 1,010 1 +1,Yes,Nolan Schanuel,Luis Rengifo,2B,RH,Fore,S,Short,78
LAA,4/19,Reds,2,Santiago Espinal,4-3,100 2,000 3,000 3,011 2,Yes,Miguel Sano,Luis Rengifo,2B,RH,Back,S,Short,78
LAA,4/19,Reds,4,Elly De La Cruz,5-4 FC,100 1,100 2,000 3,100 2,No,Miguel Sano,Luis Rengifo,2B,RH,Fore,S,Short,78
LAA,4/20,Reds,7,Christian Encarnacion-Strand,5-3,000 1,000 2,000 2,100 1,Yes,Nolan Schanuel,Luis Rengifo,3B,RH,Back,S,Long,85.5
LAA,4/21,Reds,4,Spencer Steer,6-3,100 0,010 1,010 1,011 0,Yes,Nolan Schanuel,Zach Neto,SS,RH,Back,S,Stretch,87.9
LAA,4/22,Orioles,6,Anthony Santander,5-3,000 0,000 1,000 1,100 0,Yes,Nolan Schanuel,Miguel Sano,3B,RH,Back,S,Short,91.9
LAA,4/26,Twins,2,Christian Vazquez,6-3,000 2,000 3,000 3,100 2,Yes,Nolan Schanuel,Zach Neto,SS,RH,Fore,L,Stretch,87.9
LAA,4/28,Twins,4,Byron Buxton,E5,010 0,101 0,010 1,101 0,No,Nolan Schanuel,Luis Rengifo,3B,RH,Back,S,Short,85.5
LAA,4/28,Twins,6,Willi Castro,1B,000 0,100 0,100 0,100 0,Yes,Nolan Schanuel,Zach Neto,SS,RH,Fore,S,Long,87.9
LAA,5/3,Guardians,2,Bo Naylor,E6,000 2,010 2,000 3,010 2,No,Nolan Schanuel,Zach Neto,SS,RH,Fore,S,Short,87.9
LAA,5/7,Pirates,7,Edward Olivares,5-3,010 1,010 2,010 2,010 1 +1,Yes,Nolan Schanuel,Cole Tucker,3B,RH,Fore,S,Short,85
LAA,5/14,Cardinals,1,Paul Goldschmidt,1B,010 1,101 1,101 1,010 1 +1,Yes,Nolan Schanuel,Cole Tucker,3B,RH,Back,S,Stretch,85
LAA,5/20,Astros,1,Alex Bregman,5-3,100 2,000 3,000 3,011 2,Yes,Nolan Schanuel,Luis Rengifo,3B,RH,Fore,S,Short,85.5
LAA,5/24,Guardians,6,Johnathan Rodriguez,6-4 FC,100 0,100 1,100 1,011 0,Yes,Nolan Schanuel,Luis Guillorme,2B,RH,Back,R,Short,77.3
LAA,5/25,Guardians,4,Will Brennan,1B,000 0,100 0,100 0,100 0,Yes,Nolan Schanuel,Kyren Paris,2B,RH,Back,S,Long,83.5
LAA,5/25,Guardians,5,Tyler Freeman,5-3,000 1,000 2,000 2,100 1,Yes,Nolan Schanuel,Luis Rengifo,3B,RH,Fore,S,Stretch,85.5
LAA,5/26,Guardians,8,Tyler Freeman,1B,000 1,100 1,100 1,100 1,Yes,Nolan Schanuel,Zach Neto,SS,RH,Fore,L,Long,87.9
LAA,5/26,Guardians,9,David Fry,5-3,000 1,000 2,000 2,100 1,Yes,Nolan Schanuel,Luis Rengifo,3B,RH,Back,S,Stretch,85.5
LAA,5/28,Yankees,6,Anthony Volpe,6-3,000 1,000 2,000 2,100 1,Yes,Nolan Schanuel,Zach Neto,SS,RH,Back,S,Stretch,87.9
LAA,6/2,Mariners,4,Cal Raleigh,1B,000 0,100 0,100 0,100 0,Yes,Willie Calhoun,Luis Rengifo,3B,RH,Fore,S,Short,85.5
LAA,6/8,Astros,5,Jeremy Pena,6-3,000 1,000 2,000 2,100 1,Yes,Nolan Schanuel,Zach Neto,SS,RH,Fore,L,Short,87.9
LAA,6/27,Tigers,2,Justyn-Henry Malloy,4-3,000 2,000 3,000 3,100 2,Yes,Nolan Schanuel,Luis Rengifo,2B,RH,Fore,S,Long,78
LAA,7/3,A's,2,Zack Gelof,1B,000 1,100 1,100 1,100 1,Yes,Nolan Schanuel,Zach Neto,SS,RH,Back,S,Long,87.9
LAA,7/12,Mariners,9,Mitch Haniger,1B,000 2,100 2,100 2,100 2,Yes,Nolan Schanuel,Brandon Drury,2B,RH,Back,S,Long,76.5
LAA,8/7,Yankees,9,Carlos Narvaez,6-3,000 0,000 1,000 1,100 0,Yes,Nolan Schanuel,Zach Neto,SS,RH,Back,S,Long,87.9
LAA,8/8,Yankees,2,DJ LeMahieu,5-3,000 2,000 3,000 3,100 2,Yes,Nolan Schanuel,Anthony Rendon,3B,RH,Back,S,Short,82.5
LAA,8/10,Nationals,1,Juan Yepez,5-3,000 2,000 3,000 3,100 2,Yes,Brandon Drury,Anthony Rendon,3B,RH,Back,S,Stretch,82.5
LAA,8/16,Braves,7,Marcell Ozuna,1B,000 2,100 2,100 2,100 2,Yes,Nolan Schanuel,Michael Stefanic,2B,RH,Back,S,Long,77.7
LAA,8/19,Royals,7,Bobby Witt Jr,1B,000 0,100 0,100 0,100 0,Yes,Nolan Schanuel,Anthony Rendon,3B,RH,Back,S,Long,82.5
LAA,9/4,Dodgers,5,Miguel Rojas,5-3,100 2,000 3,000 3,011 2,Yes,Nolan Schanuel,Anthony Rendon,3B,RH,Back,S,Stretch,82.5
LAA,9/5,Rangers,5,Josh Jung,1B,000 0,100 0,100 0,100 0,No,Nolan Schanuel,Zach Neto,SS,RH,Fore,L,Stretch,87.9
LAA,9/6,Rangers,6,Wyatt Langford,1B,000 0,100 0,100 0,100 0,Yes,Nolan Schanuel,Anthony Rendon,3B,RH,Back,R,Long,82.5
LAA,9/13,Astros,7,Jeremy Pena,1B,100 2,110 2,000 3,110 2,No,Nolan Schanuel,Zach Neto,SS,RH,Back,S,Stretch,87.9
LAA,9/16,White Sox,7,Bryan Ramos,5-3,000 2,000 3,000 3,100 2,Yes,Nolan Schanuel,Eric Wagaman,3B,RH,Back,S,Stretch,84.1
LAA,9/16,White Sox,9,Jacob Amaya,1B,000 0,100 0,100 0,100 0,Yes,Nolan Schanuel,Charles LeBlanc,2B,RH,Back,S,Long,75.8
LAA,9/20,Astros,8,Alex Bregman,4-3,000 2,000 3,000 3,100 2,Yes,Nolan Schanuel,Brandon Drury,2B,RH,Back,S,Long,76.5
LAA,9/26,White Sox,2,Dominic Fletcher,6-3,000 2,000 3,000 3,100 2,Yes,Brandon Drury,Zach Neto,SS,RH,Back,S,Short,87.9
LAD,3/28,Cardinals,5,Victor Scott II,E6,000 1,100 1,000 2,100 1,No,Freddie Freeman,Mookie Betts,SS,RH,Fore,L,Stretch,78.3
LAD,3/29,Cardinals,5,Jordan Walker,5-3,000 2,000 3,000 3,100 2,Yes,Freddie Freeman,Max Muncy,3B,RH,Fore,L,Stretch,84.1
LAD,3/30,Cardinals,4,Nolan Arenado,6-3,000 2,000 3,000 3,100 2,Yes,Freddie Freeman,Mookie Betts,SS,RH,Back,S,Long,78.3
LAD,4/2,Giants,6,Thairo Estrada,5-4 FC,101 0,100 1 +1,100 1 +1,010 1 +1,Yes,Freddie Freeman,Gavin Lux,2B,RH,Back,S,Long,75
LAD,4/2,Giants,6,Michael Conforto,1B,000 0,100 0,100 0,100 0,Yes,Freddie Freeman,Max Muncy,3B,RH,Back,R,Long,84.1
LAD,4/5,Cubs,7,Christopher Morel,5-3,000 0,000 1,000 1,100 0,Yes,Freddie Freeman,Max Muncy,3B,RH,Back,S,Short,84.1
LAD,4/5,Cubs,8,Yan Gomes,6-3,000 1,000 2,000 2,100 1,Yes,Freddie Freeman,Mookie Betts,SS,RH,Fore,S,Stretch,78.3
LAD,4/7,Cubs,4,Christopher Morel,E5,011 1,101 1 +1,001 2 +1,101 1 +1,No,Freddie Freeman,Miguel Rojas,3B,RH,Fore,S,Stretch,84
LAD,4/8,Twins,5,Carlos Santana,4-3,000 0,000 1,000 1,100 0,Yes,Freddie Freeman,Gavin Lux,2B,RH,Fore,S,Long,75
LAD,4/13,Padres,9,Ha-Seong Kim,4-6 FC,100 1,100 2,100 2,010 2,Yes,Freddie Freeman,Mookie Betts,SS,RH,Back,R,Short,78.3
LAD,4/14,Padres,6,Jackson Merrill,1B E6,001 2,010 2 +1,000 3,010 2 +1,No,Freddie Freeman,Mookie Betts,SS,RH,Fore,L,Long,78.3
LAD,4/16,Nationals,3,Jacob Young,1B,000 0,100 0,100 0,100 0,Yes,Freddie Freeman,Mookie Betts,SS,RH,Fore,S,Long,78.3
LAD,4/17,Nationals,3,Luis Garcia Jr,6-3,000 2,000 3,000 3,100 2,Yes,Freddie Freeman,Mookie Betts,SS,RH,Back,S,Long,78.3
LAD,4/17,Nationals,7,Nick Senzel,6-3,000 0,000 1,000 1,100 0,Yes,Freddie Freeman,Mookie Betts,SS,RH,Fore,L,Short,78.3
LAD,4/19,Mets,7,Starling Marte,E6,000 1,100 1,000 2,100 1,No,Freddie Freeman,Mookie Betts,SS,RH,Back,R,Short,78.3
LAD,4/20,Mets,8,Starling Marte,E6,000 1,100 1,000 2,100 1,No,Freddie Freeman,Mookie Betts,SS,RH,Back,S,Stretch,78.3
LAD,4/21,Mets,9,Zack Short,6-3,000 2,000 3,000 3,100 2,Yes,Enrique Hernandez,Miguel Rojas,SS,RH,Fore,S,Stretch,84.1
LAD,4/29,Diamondbacks,2,Gabriel Moreno,1B,000 1,100 1,100 1,100 1,Yes,Freddie Freeman,Mookie Betts,2B,RH,Back,S,Short,85.5
LAD,4/29,Diamondbacks,3,Ketel Marte,5-3,000 0,000 1,000 1,100 0,Yes,Freddie Freeman,Max Muncy,3B,RH,Back,S,Stretch,84.1
LAD,4/29,Diamondbacks,7,Christian Walker,6-4 FC,100 1,100 2,000 3,100 2,No,Freddie Freeman,Mookie Betts,2B,RH,Back,R,Short,85.5
LAD,5/4,Braves,7,Orlando Arcia,4-3,001 1,000 2 +1,000 2 +1,010 1 +1,Yes,Freddie Freeman,Gavin Lux,2B,RH,Back,S,Short,75
LAD,5/5,Braves,2,Marcell Ozuna,5-3,000 0,000 1,000 1,100 0,Yes,Freddie Freeman,Enrique Hernandez,3B,RH,Fore,S,Stretch,85.8
LAD,5/6,Marlins,6,Jesus Sanchez,6-3,100 0,010 1,010 1,011 0,Yes,Freddie Freeman,Mookie Betts,SS,RH,Back,S,Long,78.3
LAD,5/7,Marlins,7,Tim Anderson,5-3,000 1,000 2,000 2,100 1,Yes,Freddie Freeman,Max Muncy,3B,RH,Fore,L,Short,84.1
LAD,5/13,Giants,10,Thairo Estrada,5-4-3 DP,110 1,000 3,000 3,010 2 +1,Yes,Freddie Freeman,Gavin Lux,2B,RH,Back,S,Short,75
LAD,5/14,Giants,1,Matt Chapman,5-3,010 1,001 2,001 2,010 1 +1,Yes,Freddie Freeman,Max Muncy,3B,RH,Fore,L,Stretch,84.1
LAD,5/16,Reds,4,Jeimer Candelario,4-3,000 0,000 1,000 1,100 0,Yes,Freddie Freeman,Gavin Lux,2B,RH,Back,R,Stretch,75
LAD,5/18,Reds,9,Elly De La Cruz,4-3,000 1,000 2,000 2,100 1,Yes,Freddie Freeman,Gavin Lux,2B,RH,Back,R,Long,75
LAD,5/25,Reds,3,Spencer Steer,5-3,000 2,000 3,000 3,100 2,Yes,Freddie Freeman,Enrique Hernandez,3B,RH,Fore,S,Long,85.8
LAD,5/25,Reds,6,Spencer Steer,6-4-3 DP,100 1,000 3,000 3,010 2,Yes,Freddie Freeman,Gavin Lux,2B,RH,Back,S,Stretch,75
LAD,5/26,Reds,8,Jonathan India,6-3,000 0,000 1,000 1,100 0,Yes,Freddie Freeman,Mookie Betts,SS,RH,Back,S,Short,78.3
LAD,6/1,Rockies,3,Ezeuqiel Tovar,1B,000 1,100 1,100 1,100 1,Yes,Freddie Freeman,Gavin Lux,2B,RH,Back,S,Long,75
LAD,6/6,Pirates,2,Henry Davis,E5,010 2,101 2,000 3,101 2,No,Freddie Freeman,Enrique Hernandez,3B,RH,Back,S,Stretch,85.8
LAD,6/6,Pirates,5,Nick Gonzales,5-3,000 1,000 2,000 2,100 1,Yes,Freddie Freeman,Enrique Hernandez,3B,RH,Back,R,Stretch,85.8
LAD,6/6,Pirates,6,Andrew McCutchen,E6,000 1,100 1,000 2,100 1,No,Enrique Hernandez,Mookie Betts,SS,RH,Fore,L,Long,78.3
LAD,6/6,Pirates,8,Nick Gonzales,6-3,100 2,000 3,000 3,011 2,Yes,Enrique Hernandez,Mookie Betts,SS,RH,Fore,L,Long,78.3
LAD,6/11,Rangers,3,Robbie Grossman,1B,000 2,100 2,100 2,100 2,Yes,Freddie Freeman,Mookie Betts,SS,RH,Fore,L,Long,78.3
LAD,6/12,Rangers,2,Wyatt Langford,1B,000 1,100 1,100 1,100 1,Yes,Freddie Freeman,Cavan Biggio,3B,RH,Back,S,Long,77.3
LAD,6/17,Rockies,6,Brenton Doyle,6-3,000 1,000 2,000 2,100 1,Yes,Freddie Freeman,Miguel Rojas,SS,RH,Fore,S,Stretch,84.1
LAD,6/20,Rockies,1,Brenton Doyle,6-3,000 0,000 1,000 1,100 0,Yes,Freddie Freeman,Miguel Rojas,SS,RH,Back,S,Short,84.1
LAD,6/20,Rockies,2,Jake Cave,1B,000 2,100 2,100 2,100 2,Yes,Freddie Freeman,Enrique Hernandez,3B,RH,Fore,S,Long,85.8
LAD,6/21,Angels,7,Luis Rengifo,5-3,100 2,000 3,000 3,011 2,Yes,Freddie Freeman,Enrique Hernandez,3B,RH,Fore,S,Stretch,85.8
LAD,6/25,White Sox,1,Luis Robert Jr,1B,000 0,100 0,100 0,100 0,Yes,Freddie Freeman,Gavin Lux,2B,RH,Fore,L,Long,75
LAD,7/4,Diamondbacks,8,Gabriel Moreno,1B,000 1,100 1,000 2,100 1,No,Freddie Freeman,Enrique Hernandez,SS,RH,Fore,L,Short,86.3
LAD,7/9,Phillies,8,Whit Merrifield,5-3,000 0,000 1,000 1,100 0,Yes,Cavan Biggio,Chris Taylor,3B,RH,Back,S,Short,88.4
LAD,7/23,Giants,3,Thairo Estrada,E5,000 0,100 0,100 0,100 0,Yes,Freddie Freeman,Cavan Biggio,3B,RH,Fore,S,Long,77.3
LAD,7/31,Padres,3,Donovan Solano,5-3,000 1,000 2,000 2,100 1,Yes,Cavan Biggio,Enrique Hernandez,3B,RH,Fore,L,Stretch,85.8
LAD,8/2,A's,4,Zack Gelof,6-3,000 1,000 2,000 2,100 1,Yes,Cavan Biggio,Nick Ahmed,SS,RH,Back,S,Stretch,78.8
LAD,8/28,Orioles,2,Ryan O'Hearn,E5,000 1,100 1,000 2,100 1,No,Enrique Hernandez,Max Muncy,3B,RH,Fore,S,Stretch,84.1
LAD,9/1,Diamondbacks,7,Kevin Newman,1B E6,011 2,010 2 +2,000 3,010 2 +2,No,Enrique Hernandez,Tommy Edman,SS,RH,Back,S,Stretch,82.4
LAD,9/9,Cubs,3,Dansby Swanson,5-3,000 0,000 1,000 1,100 0,Yes,Freddie Freeman,Max Muncy,3B,RH,Back,S,Short,84.1
LAD,9/18,Marlins,7,Xavier Edwards,E5,000 2,100 2,000 3,100 2,No,Freddie Freeman,Enrique Hernandez,3B,RH,Back,S,Stretch,85.8
LAD,9/21,Rockies,6,Sam Hilliard,1B,000 1,100 1,100 1,100 1,No,Freddie Freeman,Miguel Rojas,SS,RH,Fore,S,Stretch,84.1
LAD,9/25,Padres,1,Luis Arraez,5-3,000 0,000 1,000 1,100 0,Yes,Freddie Freeman,Max Muncy,3B,RH,Back,S,Long,84.1
LAD,9/27,Rockies,9,Jordan Beck,E6,010 2,101 2,000 3,101 2,No,Enrique Hernandez,Tommy Edman,SS,RH,Back,R,Short,82.4
MIA,3/28,Pirates,6,Henry Davis,1B,110 1,111 1,111 1,111 1,No,Josh Bell,Tim Anderson,SS,RH,Back,S,Stretch,85.4
MIA,3/28,Pirates,10,Jared Triolo,E5 3-2-6,010 1,010 2,010 2,010 2,No,Josh Bell,Jake Burger,3B,RH,Back,S,Stretch,84.7
MIA,3/31,Pirates,4,Connor Joe,1B,000 2,100 2,100 2,100 2,Yes,Jake Burger,Vidal Brujan,3B,RH,Back,S,Stretch,86.4
MIA,4/6,Cardinals,7,Nolan Arenado,1B,000 0,100 0,100 0,100 0,Yes,Jake Burger,Tim Anderson,SS,RH,Back,R,Long,85.4
MIA,4/14,Braves,3,Ozzie Albies,1B E5,010 1,100 1 +1,001 2,100 1 +1,No,Josh Bell,Jake Burger,3B,RH,Fore,S,Stretch,84.7
MIA,4/16,Giants,5,Tyler Fitzgerald,5-4 FC,100 0,100 1,100 1,010 1,Yes,Josh Bell,Luis Arraez,2B,RH,Back,L,Stretch,74.9
MIA,4/19,Cubs,4,Christopher Morel,6-3,000 2,000 3,000 3,100 2,Yes,Josh Bell,Tim Anderson,SS,RH,Fore,S,Long,85.4
MIA,4/24,Braves,9,Ronald Acuna Jr,5-3 DP,110 1,000 3,000 3,011 2,Yes,Luis Arraez,Emmanuel Rivera,3B,RH,Fore,L,Stretch,85.8
MIA,4/27,Nationals,6,Jesse Winker,1B E5,010 2,100 2 +1,000 3,100 2 +1,No,Emmanuel Rivera,Vidal Brujan,3B,RH,Back,S,Long,86.4
MIA,4/27,Nationals,8,Joey Meneses,5-3,000 0,000 1,000 1,100 0,Yes,Emmanuel Rivera,Vidal Brujan,3B,RH,Back,S,Stretch,86.4
MIA,4/28,Nationals,4,Joey Meneses,E5,000 2,100 2,000 3,100 2,No,Emmanuel Rivera,Vidal Brujan,3B,RH,Fore,L,Stretch,86.4
MIA,5/4,A's,7,Shea Langeliers,1B,000 0,100 0,100 0,100 0,Yes,Emmanuel Rivera,Vidal Brujan,SS,RH,Back,S,Long,87.2
MIA,5/8,Dodgers,2,Max Muncy,6-3,000 0,000 1,000 1,100 0,Yes,Josh Bell,Vidal Brujan,SS,RH,Back,S,Long,87.2
MIA,5/12,Phillies,7,Alec Bohm,6-3,000 2,000 3,000 3,100 2,Yes,Josh Bell,Vidal Brujan,SS,RH,Back,S,Short,87.2
MIA,5/22,Brewers,8,Jackson Chourio,6-4 FC,100 1,100 2,100 2,010 2,Yes,Josh Bell,Tim Anderson,SS,RH,Back,S,Long,85.4
MIA,5/25,Diamondbacks,3,Christian Walker,1B,000 1,100 1,100 1,100 1,Yes,Jake Burger,Tim Anderson,SS,RH,Back,S,Long,85.4
MIA,5/31,Rangers,7,Leody Taveras,4-3,000 1,000 2,000 2,100 1,Yes,Jake Burger,Otto Lopez,2B,RH,Fore,S,Long,82
MIA,6/2,Rangers,8,Wyatt Langford,6-3,010 2,000 3,000 3,010 2 +1,Yes,Jake Burger,Tim Anderson,SS,RH,Back,S,Short,85.4
MIA,6/5,Rays,3,Harold Ramirez,6-3,010 2,000 3,000 3,010 2 +1,Yes,Josh Bell,Tim Anderson,SS,RH,Fore,S,Long,85.4
MIA,6/7,Guardians,2,Gabriel Arias,1B,000 2,100 2,100 2,100 2,Yes,Jake Burger,Xavier Edwards,SS,RH,Back,R,Long,79.5
MIA,6/7,Guardians,6,Josh Naylor,6-3,000 1,000 2,000 2,100 1,Yes,Jake Burger,Xavier Edwards,SS,RH,Back,S,Stretch,79.5
MIA,6/13,Mets,7,Mark Vientos,6-3,001 2,000 3,000 3,010 2 +1,Yes,Josh Bell,Tim Anderson,SS,RH,Back,S,Stretch,85.4
MIA,6/17,Cardinals,2,Ivan Herrera,1B,000 0,100 0,100 0,100 0,Yes,Josh Bell,Tim Anderson,SS,RH,Back,S,Stretch,85.4
MIA,6/19,Cardinals,9,Masyn Winn,6-4 FC,100 1,100 2,100 2,010 2,Yes,Jake Burger,Otto Lopez,2B,RH,Back,S,Stretch,82
MIA,7/2,Red Sox,1,Tyler O'Neill,1B,000 1,100 1,100 1,100 1,Yes,Jake Burger,Xavier Edwards,SS,RH,Fore,S,Long,79.5
MIA,7/7,White Sox,4,Korey Lee,1B,000 2,100 2,100 2,100 2,Yes,Josh Bell,Vidal Brujan,2B,RH,Back,S,Long,82.2
MIA,7/12,Reds,5,Spencer Steer,6-3,000 0,000 1,000 1,100 0,Yes,Josh Bell,Xavier Edwards,SS,RH,Fore,S,Stretch,79.5
MIA,7/12,Reds,8,Elly De La Cruz,1B,000 2,100 2,100 2,100 2,Yes,Josh Bell,Vidal Brujan,2B,RH,Back,S,Stretch,82.2
MIA,7/25,Orioles,4,Gunnar Henderson,E5,000 1,100 1,000 2,100 1,No,Jonah Bride,Emmanuel Rivera,3B,RH,Back,S,Stretch,85.8
MIA,7/25,Orioles,6,Austin Hays,E3,000 1,100 1,000 2,100 1,No,Jonah Bride,Xavier Edwards,SS,RH,Back,S,Short,79.5
MIA,7/27,Brewers,4,Willy Adames,1B,000 2,100 2,100 2,100 2,Yes,Jake Burger,Xavier Edwards,SS,RH,Fore,S,Long,79.5
MIA,7/27,Brewers,8,Willy Adames,5-3,000 2,000 3,000 3,100 2,Yes,Jake Burger,Emmanuel Rivera,3B,RH,Back,S,Stretch,85.8
MIA,7/28,Brewers,2,Eric Haase,1-4 FC,110 1,101 2,000 3,101 2,No,Josh Bell,Otto Lopez,2B,RH,Back,R,Stretch,82
MIA,7/28,Brewers,7,William Contreras,5-3,000 0,000 1,000 1,100 0,Yes,Josh Bell,Jonah Bride,3B,RH,Back,S,Short,73.2
MIA,8/5,Reds,2,Jake Fraley,4-3,000 2,000 3,000 3,100 2,Yes,Jake Burger,Otto Lopez,2B,RH,Fore,S,Stretch,82
MIA,8/7,Reds,4,Noelvi Marte,5-3,000 1,000 2,000 2,100 1,Yes,Jonah Bride,Emmanuel Rivera,3B,RH,Back,S,Long,85.8
MIA,8/9,Padres,7,Ha-Seong Kim,1B,100 2,110 2,110 2,011 2,Yes,Jake Burger,Xavier Edwards,SS,RH,Back,S,Long,79.5
MIA,8/10,Padres,8,Luis Arraez,1B,001 2,100 2 +1,100 2 +1,010 2 +1,Yes,Jonah Bride,Otto Lopez,2B,RH,Back,S,Long,82
MIA,8/14,Phillies,7,Edmundo Sosa,6-3,010 2,000 3,000 3,010 2 +1,Yes,Jonah Bride,Xavier Edwards,SS,RH,Fore,S,Short,79.5
MIA,8/19,Diamondbacks,5,Jake McCarthy,6-3,000 0,000 1,000 1,100 0,Yes,Jake Burger,Xavier Edwards,SS,RH,Back,S,Stretch,79.5
MIA,8/23,Cubs,2,Dansby Swanson,4-3,000 2,000 3,000 3,100 2,Yes,Jake Burger,Otto Lopez,2B,RH,Back,S,Long,82
MIA,8/24,Cubs,8,Mike Tauchman,1B,000 0,100 0,000 1,100 0,No,Jonah Bride,Connor Norby,3B,RH,Fore,S,Stretch,84.3
MIA,8/30,Giants,3,Mike Yastrzemski,1B,010 2,101 2,101 2,010 2 +1,Yes,Jonah Bride,Otto Lopez,2B,RH,Fore,L,Long,82
MIA,8/31,Giants,6,Matt Chapman,E5,000 1,100 1,000 2,100 1,No,David Hensley,Jonah Bride,3B,RH,Fore,S,Long,73.2
MIA,9/1,Giants,3,LaMonte Wade Jr,3-6 FC E6,110 1,100 2 +1,000 3,100 2 +1,No,David Hensley,Otto Lopez,SS,RH,Fore,L,Short,83.1
MIA,9/3,Nationals,1,Andres Chaparro,E5,000 2,010 2,000 3,010 2,No,Jonah Bride,Connor Norby,3B,RH,Back,S,Stretch,84.3
MIA,9/7,Phillies,4,Nick Castellanos,5-3,000 0,000 1,000 1,100 0,Yes,Jonah Bride,Connor Norby,3B,RH,Back,S,Long,84.3
MIA,9/9,Pirates,2,Alika Williams,E6,000 2,100 2,000 3,100 2,No,Jonah Bride,Xavier Edwards,SS,RH,Fore,S,Stretch,79.5
MIA,9/20,Braves,6,Orlando Arcia,5-3,100 2,000 3,000 3,011 2,Yes,Jonah Bride,Connor Norby,3B,RH,Back,S,Long,84.3
MIA,9/20,Braves,8,Ramon Laureano,E6,000 0,100 0,000 1,100 0,No,Jonah Bride,Xavier Edwards,SS,RH,Back,S,Stretch,79.5
MIA,9/24,Twins,5,Royce Lewis,5-3,011 2,000 3,000 3,010 2 +2,Yes,Jake Burger,Connor Norby,3B,RH,Back,S,Short,84.3
MIA,9/26,Twins,9,Byron Buxton,1B E5,000 1,010 1,100 1,010 1,No,Jonah Bride,Connor Norby,3B,RH,Back,S,Stretch,84.3
MIA,9/28,Blue Jays,3,Davis Schneider,5-3,000 0,000 1,000 1,100 0,Yes,Jake Burger,Connor Norby,3B,RH,Fore,S,Long,84.3
MIL,3/29,Mets,1,Pete Alonso,5-3,000 2,000 3,000 3,100 2,Yes,Rhys Hoskins,Andruw Monasterio,3B,RH,Fore,S,Short,82
MIL,3/29,Mets,9,Harrison Bader,4-3,000 0,000 1,000 1,100 0,Yes,Rhys Hoskins,Brice Turang,2B,RH,Back,S,Stretch,80
MIL,3/30,Mets,7,Francisco Lindor,1B,000 2,100 2,000 3,100 2,No,Jake Bauers,Joey Ortiz,3B,LH,Back,S,Stretch,84.5
MIL,4/2,Twins,1,Alex Kirilloff,6-3,000 1,000 2,000 2,100 1,Yes,Jake Bauers,Willy Adames,SS,LH,Back,S,Short,88.2
MIL,4/2,Twins,7,Carlos Santana,6-3,110 0,011 1,011 1,011 0 +1,Yes,Jake Bauers,Willy Adames,SS,LH,Back,S,Stretch,88.2
MIL,4/3,Twins,6,Kyle Farmer,5-3,000 1,000 2,000 2,100 1,Yes,Rhys Hoskins,Joey Ortiz,3B,RH,Fore,S,Stretch,84.5
MIL,4/3,Twins,7,Kyle Farmer,6-3,000 2,000 3,000 3,100 2,Yes,Rhys Hoskins,Willy Adames,SS,RH,Back,S,Short,88.2
MIL,4/3,Twins,9,Kyle Farmer,5-3,010 2,000 3,000 3,010 2 +1,Yes,Rhys Hoskins,Oliver Dunn,3B,RH,Fore,S,Short,90
MIL,4/6,Mariners,1,Julio Rodriguez,1B,000 1,100 1,100 1,100 1,Yes,Jake Bauers,Willy Adames,SS,LH,Fore,S,Long,88.2
MIL,4/8,Reds,2,Elly De La Cruz,E5,000 1,010 1,000 2,010 1,No,Rhys Hoskins,Joey Ortiz,3B,RH,Back,R,Stretch,84.5
MIL,4/8,Reds,5,Stuart Fairchild,5-6-3,010 2,000 3,000 3,010 2 +1,Yes,Rhys Hoskins,Willy Adames,SS,RH,Back,S,Stretch,88.2
MIL,4/8,Reds,7,Tyler Stephenson,5-3,000 0,000 1,000 1,100 0,Yes,Rhys Hoskins,Joey Ortiz,3B,RH,Back,S,Short,84.5
MIL,4/9,Reds,7,Elly De La Cruz,E6,000 0,100 0,000 1,100 0,No,Jake Bauers,Willy Adames,SS,LH,Back,S,Long,88.2
MIL,4/10,Reds,5,Luke Maile,5-3,000 2,000 3,000 3,100 2,Yes,Jake Bauers,Joey Ortiz,3B,LH,Back,S,Long,84.5
MIL,4/17,Padres,3,Xander Bogaerts,6-3,010 2,000 3,000 3,010 2 +1,Yes,Jake Bauers,Willy Adames,SS,LH,Fore,S,Long,88.2
MIL,4/17,Padres,5,Tyler Wade,6-3,000 0,000 1,000 1,100 0,Yes,Jake Bauers,Willy Adames,SS,LH,Back,S,Short,88.2
MIL,4/22,Pirates,6,Ke'Bryan Hayes,1B,000 1,100 1,000 2,100 1,No,Jake Bauers,Joey Ortiz,3B,LH,Back,L,Stretch,84.5
MIL,4/24,Pirates,8,Ke'Bryan Hayes,5-3,000 1,000 2,000 2,100 1,Yes,Jake Bauers,Joey Ortiz,3B,LH,Back,S,Stretch,84.5
MIL,4/26,Reds,9,Jose Trevino,5-3,100 2,000 3,000 3,011 2,Yes,Rhys Hoskins,Joey Ortiz,3B,RH,Back,S,Stretch,84.5
MIL,4/27,Yankees,1,Giancarlo Stanton,1B,000 1,100 1,100 1,100 1,Yes,Rhys Hoskins,Willy Adames,SS,RH,Back,R,Long,88.2
MIL,4/28,Yankees,6,Alex Verdugo,4-6 FC,100 0,100 1,100 1,010 1,Yes,Jake Bauers,Willy Adames,SS,LH,Fore,R,Long,88.2
MIL,5/1,Rays,6,Amed Rosario,E6,000 0,100 0,000 1,100 0,No,Tyler Black,Willy Adames,SS,RH,Back,S,Short,88.2
MIL,5/1,Rays,8,Jose Caballero,5-3,101 2,000 3,000 3,011 2 +1,Yes,Jake Bauers,Oliver Dunn,3B,LH,Fore,S,Stretch,90
MIL,5/5,Cubs,5,Pete Crow-Armstrong,1B,000 1,100 1,100 1,100 1,Yes,Tyler Black,Willy Adames,SS,RH,Back,S,Long,88.2
MIL,5/7,Royals,1,Maikel Garcia,5-3,000 0,000 1,000 1,100 0,Yes,Rhys Hoskins,Joey Ortiz,3B,RH,Fore,L,Stretch,84.5
MIL,5/7,Royals,4,Hunter Renfroe,5-3,000 2,000 3,000 3,100 2,Yes,Rhys Hoskins,Joey Ortiz,3B,RH,Back,S,Stretch,84.5
MIL,5/7,Royals,9,Vinnie Pasquantino,6-3,000 2,000 3,000 3,100 2,Yes,Rhys Hoskins,Willy Adames,SS,RH,Back,S,Stretch,88.2
MIL,5/8,Royals,3,Bobby Witt Jr,5-4 FC,100 1,100 2,000 3,100 2,No,Gary Sanchez,Brice Turang,2B,RH,Back,R,Short,80
MIL,5/10,Cardinals,4,Paul Goldschmidt,4-3,000 1,000 2,000 2,100 1,Yes,Rhys Hoskins,Brice Turang,2B,RH,Fore,S,Long,80
MIL,5/11,Cardinals,9,Lars Nootbaar,1B,000 2,100 2,100 2,100 2,No,Rhys Hoskins,Willy Adames,SS,RH,Fore,L,Long,88.2
MIL,5/12,Cardinals,2,Michael Siani,6-4 FC,110 1,101 2,101 2,010 2 +1,Yes,Rhys Hoskins,Brice Turang,2B,RH,Back,S,Stretch,80
MIL,5/13,Pirates,6,Jared Triolo,6-3,000 2,000 3,000 3,100 2,Yes,Jake Bauers,Willy Adames,SS,LH,Back,S,Long,88.2
MIL,5/15,Pirates,3,Andrew McCutchen,1B,000 0,100 0,000 1,100 0,No,Owen Miller,Willy Adames,SS,RH,Back,R,Long,88.2
MIL,5/20,Marlins,7,Otto Lopez,6-4-3 DP,101 1,000 3,000 3,010 2 +1,Yes,Owen Miller,Andruw Monasterio,2B,RH,Back,S,Short,82
MIL,5/22,Marlins,7,Jake Burger,5-3,000 0,000 1,000 1,100 0,Yes,Owen Miller,Joey Ortiz,3B,RH,Back,S,Stretch,84.5
MIL,5/29,Cubs,3,Cody Bellinger,1B,000 2,100 2,100 2,100 2,Yes,Jake Bauers,Willy Adames,SS,LH,Back,S,Long,88.2
MIL,5/29,Cubs,9,Nico Hoerner,5-3,010 2,000 3,000 3,010 2 +1,Yes,Jake Bauers,Joey Ortiz,3B,LH,Back,S,Short,84.5
MIL,5/29,Cubs,9,Christopher Morel,E3,011 1,101 1 +1,001 2 +1,101 1 +1,Yes,Jake Bauers,Joey Ortiz,3B,LH,Back,S,Short,84.5
MIL,6/11,Blue Jays,1,Vladimir Guerrero Jr,6-3,000 2,000 3,000 3,100 2,Yes,Rhys Hoskins,Willy Adames,SS,RH,Back,R,Stretch,88.2
MIL,6/11,Blue Jays,4,Danny Jansen,E5,100 2,110 2,000 3,110 2,No,Rhys Hoskins,Andruw Monasterio,3B,RH,Fore,S,Long,82
MIL,6/12,Blue Jays,3,Spencer Horwitz,1B,000 2,100 2,100 2,100 2,Yes,Jake Bauers,Brice Turang,2B,LH,Fore,R,Stretch,80
MIL,6/19,Angels,6,Luis Rengifo,1B,000 1,100 1,000 2,100 1,No,Rhys Hoskins,Joey Ortiz,3B,RH,Back,R,Long,84.5
MIL,6/20,Padres,1,Jake Cronenworth,4-6 FC,110 1,101 2,101 2,011 2 +1,Yes,Tyler Black,Willy Adames,SS,RH,Back,S,Short,88.2
MIL,6/24,Rangers,1,Marcus Semien,5-3,000 0,000 1,000 1,100 0,Yes,Rhys Hoskins,Andruw Monasterio,3B,RH,Back,S,Stretch,82
MIL,6/24,Rangers,6,Wyatt Langford,1B E6,000 1,010 1,000 2,010 1,No,Rhys Hoskins,Willy Adames,SS,RH,Back,S,Stretch,88.2
MIL,7/1,Rockies,9,Ezequiel Tovar,E5,000 1,100 1,000 2,100 1,No,Rhys Hoskins,Joey Ortiz,3B,RH,Back,S,Short,84.5
MIL,7/2,Rockies,7,Brendan Rodgers,4-3,000 2,000 3,000 3,100 2,Yes,Jake Bauers,Brice Turang,2B,LH,Back,S,Stretch,80
MIL,7/4,Rockies,1,Brendan Rodgers,6-3,010 2,000 3,000 3,010 2 +1,Yes,Rhys Hoskins,Willy Adames,SS,RH,Back,S,Stretch,88.2
MIL,7/4,Rockies,5,Elias Diaz,6-3,000 2,000 3,000 3,100 2,Yes,Rhys Hoskins,Willy Adames,SS,RH,Fore,S,Long,88.2
MIL,7/7,Dodgers,4,Miguel Vargas,5-3,000 0,000 1,000 1,100 0,Yes,Rhys Hoskins,Vinny Capra,3B,RH,Back,S,Long,81.2
MIL,7/9,Pirates,8,Joey Bart,5-3,000 0,000 1,000 1,100 0,Yes,Rhys Hoskins,Vinny Capra,3B,RH,Fore,S,Stretch,81.2
MIL,7/11,Pirates,5,Ke'Bryan Hayes,5-3,000 0,000 1,000 1,100 0,Yes,Jake Bauers,Andruw Monasterio,3B,LH,Back,S,Short,82
MIL,7/22,Cubs,5,Nico Hoerner,5-3,000 0,000 1,000 1,100 0,Yes,Rhys Hoskins,Joey Ortiz,3B,RH,Back,S,Stretch,84.5
MIL,7/22,Cubs,6,Dansby Swanson,1B,000 1,100 1,000 2,100 1,No,Rhys Hoskins,Joey Ortiz,3B,RH,Fore,S,Long,84.5
MIL,8/3,Nationals,7,Juan Yepez,5-3,000 1,000 2,000 2,100 1,Yes,Rhys Hoskins,Joey Ortiz,3B,RH,Back,S,Stretch,84.5
MIL,8/6,Braves,1,Jorge Soler,1B,000 0,100 0,100 0,100 0,Yes,Jake Bauers,Joey Ortiz,3B,LH,Fore,S,Long,84.5
MIL,8/9,Reds,9,Noelvi Marte,5-3,000 1,000 2,000 2,100 1,Yes,Rhys Hoskins,Joey Ortiz,3B,RH,Fore,S,Stretch,84.5
MIL,8/11,Reds,4,Spencer Steer,E6,000 0,100 0,000 1,100 0,No,Rhys Hoskins,Willy Adames,SS,RH,Fore,S,Stretch,88.2
MIL,8/20,Cardinals,3,Paul Goldschmidt,5-3,000 0,000 1,000 1,100 0,Yes,Rhys Hoskins,Joey Ortiz,3B,RH,Fore,S,Long,84.5
MIL,8/23,A's,3,Miguel Andujar,6-3,000 2,000 3,000 3,100 2,Yes,Rhys Hoskins,Willy Adames,SS,RH,Back,R,Long,88.2
MIL,8/30,Reds,3,Ty France,5-3,000 2,000 3,000 3,100 2,Yes,Rhys Hoskins,Joey Ortiz,3B,RH,Fore,L,Short,84.5
MIL,9/3,Cardinals,6,Paul Goldschmidt,E5,000 1,100 1,000 2,100 1,No,Rhys Hoskins,Joey Ortiz,3B,RH,Fore,S,Short,84.5
MIL,9/3,Cardinals,8,Brendan Donovan,6-3,000 1,000 2,000 2,100 1,Yes,Rhys Hoskins,Willy Adames,SS,RH,Fore,S,Long,88.2
MIL,9/4,Cardinals,5,Nolan Arenado,E4,000 2,100 2,000 3,100 2,No,Jake Bauers,Brice Turang,2B,LH,Back,S,Short,80
MIL,9/10,Giants,9,Heliot Ramos,1B,000 0,100 0,000 1,100 0,No,Jake Bauers,Willy Adames,SS,LH,Fore,R,Long,88.2
MIL,9/11,Giants,5,Jerar Encarnacion,4-3,000 0,000 1,000 1,100 0,Yes,Rhys Hoskins,Isaac Collins,2B,RH,Back,R,Short,84.1
MIL,9/12,Giants,1,Heliot Ramos,5-3,000 2,000 3,000 3,100 2,Yes,Rhys Hoskins,Joey Ortiz,3B,RH,Back,S,Short,84.5
MIL,9/15,Diamondbacks,9,Kevin Newman,5-3,000 2,000 3,000 3,100 2,Yes,Rhys Hoskins,Joey Ortiz,3B,RH,Back,S,Long,84.5
MIL,9/20,Diamondbacks,7,Gabriel Moreno,5-3,100 2,000 3,000 3,011 2,Yes,Rhys Hoskins,Joey Ortiz,3B,RH,Back,S,Short,84.5
MIL,9/26,Pirates,6,Andrew McCutchen,4-3,000 1,000 2,000 2,100 1,Yes,Rhys Hoskins,Brice Turang,2B,RH,Back,S,Long,80
MIL,9/27,Mets,5,Tyrone Taylor,5-3,000 0,000 1,000 1,100 0,Yes,Rhys Hoskins,Joey Ortiz,3B,RH,Back,S,Short,84.5
MIL,9/27,Mets,5,Francisco Lindor,1B,000 1,100 1,100 1,100 1,Yes,Rhys Hoskins,Joey Ortiz,3B,RH,Back,S,Long,84.5
MIN,3/28,Royals,2,Hunter Renfroe,6-3,010 0,010 1,010 1,010 0 +1,Yes,Carlos Santana,Carlos Correa,SS,RH,Back,S,Long,88.5
MIN,3/28,Royals,4,Hunter Renfroe,6-3,000 2,000 3,000 3,100 2,Yes,Carlos Santana,Carlos Correa,SS,RH,Back,S,Long,88.5
MIN,3/31,Royals,1,Maikel Garcia,4-3,000 0,000 1,000 1,100 0,Yes,Carlos Santana,Edouard Julien,2B,RH,Back,S,Stretch,79.8
MIN,4/12,Tigers,3,Mark Canha,6-3,000 2,000 3,000 3,100 2,Yes,Carlos Santana,Willi Castro,SS,RH,Back,S,Long,86.7
MIN,4/22,White Sox,2,Andrew Vaughn,5-3,000 1,000 2,000 2,100 1,Yes,Alex Kirilloff,Jose Miranda,3B,LH,Back,S,Short,81.2
MIN,4/23,White Sox,3,Martin Maldonado,6-3,000 1,000 2,000 2,100 1,Yes,Carlos Santana,Willi Castro,SS,RH,Back,S,Long,86.7
MIN,4/28,Angels,6,Brandon Drury,6-3,000 1,000 2,000 2,100 1,Yes,Carlos Santana,Willi Castro,SS,RH,Back,S,Long,86.7
MIN,4/30,White Sox,6,Nicky Lopez,5-3,000 1,000 2,000 2,100 1,Yes,Carlos Santana,Kyle Farmer,3B,RH,Back,S,Stretch,80.7
MIN,5/1,White Sox,5,Paul DeJong,1B,000 1,100 1,000 2,100 1,No,Carlos Santana,Carlos Correa,SS,RH,Fore,S,Long,88.5
MIN,5/3,Red Sox,9,Garrett Cooper,5-3,000 1,000 2,000 2,100 1,Yes,Carlos Santana,Kyle Farmer,3B,RH,Back,R,Short,80.7
MIN,5/7,Mariners,7,Mitch Garver,1B,000 0,100 0,100 0,100 0,Yes,Carlos Santana,Carlos Correa,SS,RH,Fore,S,Stretch,88.5
MIN,5/8,Mariners,5,Cal Raleigh,4-3,110 2,000 3,000 3,011 2 +1,Yes,Alex Kirilloff,Edouard Julien,2B,LH,Fore,R,Short,79.8
MIN,5/17,Guardians,6,Andres Gimenez,1B,000 0,100 0,100 0,100 0,Yes,Carlos Santana,Jose Miranda,3B,RH,Back,S,Stretch,81.2
MIN,5/20,Nationals,8,Joey Meneses,5-3,011 2,000 3,000 3,010 2 +2,Yes,Carlos Santana,Jose Miranda,3B,RH,Fore,S,Long,81.2
MIN,5/31,Astros,2,Mauricio Dubon,1B,100 1,110 1,110 1,011 1,Yes,Alex Kirilloff,Jose Miranda,3B,LH,Fore,S,Long,81.2
MIN,6/4,Yankees,4,Gleyber Torres,5-3,000 1,000 2,000 2,100 1,Yes,Jose Miranda,Royce Lewis,3B,RH,Back,S,Stretch,83.4
MIN,6/6,Yankees,4,Anthony Volpe,1B,000 1,100 1,000 2,100 1,No,Carlos Santana,Carlos Correa,SS,RH,Back,S,Stretch,88.5
MIN,6/8,Pirates,7,Yasmani Grandal,E5,000 1,100 1,000 2,100 1,No,Jose Miranda,Royce Lewis,3B,RH,Back,S,Stretch,83.4
MIN,6/9,Pirates,3,Henry Davis,6-3,000 0,000 1,000 1,100 0,Yes,Carlos Santana,Carlos Correa,SS,RH,Back,S,Long,88.5
MIN,6/9,Pirates,4,Nick Gonzales,1B,000 2,100 2,100 2,100 2,Yes,Carlos Santana,Jose Miranda,3B,RH,Back,S,Short,81.2
MIN,6/11,Rockies,8,Jacob Stallings,1B,000 2,100 2,000 3,100 2,No,Carlos Santana,Carlos Correa,SS,RH,Fore,S,Long,88.5
MIN,6/19,Rays,3,Yandy Diaz,5-3,000 0,000 1,000 1,100 0,Yes,Carlos Santana,Royce Lewis,3B,RH,Fore,S,Long,83.4
MIN,6/19,Rays,10,Jonny DeLuca,E5,010 2,010 2 +1,000 3,010 2 +1,No,Carlos Santana,Royce Lewis,3B,RH,Back,R,Stretch,83.4
MIN,6/21,A's,3,Shea Langeliers,5-3,100 2,000 3,000 3,011 2,Yes,Carlos Santana,Royce Lewis,3B,RH,Fore,S,Stretch,83.4
MIN,6/21,A's,4,Max Schuemann,6-3,000 2,000 3,000 3,100 2,Yes,Carlos Santana,Carlos Correa,SS,RH,Fore,S,Short,88.5
MIN,6/21,A's,7,Miguel Andujar,5-3,000 1,000 2,000 2,100 1,Yes,Carlos Santana,Royce Lewis,3B,RH,Fore,S,Long,83.4
MIN,6/30,Mariners,3,Julio Rodriguez,5-3,000 1,000 2,000 2,100 1,Yes,Carlos Santana,Royce Lewis,3B,RH,Fore,S,Long,83.4
MIN,6/30,Mariners,8,JP Crawford,5-3,000 0,000 1,000 1,100 0,Yes,Carlos Santana,Royce Lewis,3B,RH,Back,S,Stretch,83.4
MIN,7/5,Astros,4,Jeremy Pena,6-3,000 0,000 1,000 1,100 0,Yes,Carlos Santana,Carlos Correa,SS,RH,Back,S,Short,88.5
MIN,7/5,Astros,9,Yainer Diaz,5-3,000 1,000 2,000 2,100 1,Yes,Carlos Santana,Brooks Lee,3B,RH,Back,S,Short,81.5
MIN,7/12,Giants,4,Thairo Estrada,6-3,000 2,000 3,000 3,100 2,Yes,Carlos Santana,Carlos Correa,SS,RH,Back,S,Long,88.5
MIN,7/20,Brewers,8,William Contreras,6-3,010 2,000 3,000 3,010 2 +1,Yes,Carlos Santana,Willi Castro,SS,RH,Back,S,Short,86.7
MIN,7/21,Brewers,7,William Contreras,5-3,000 2,000 3,000 3,100 2,Yes,Carlos Santana,Brooks Lee,3B,RH,Back,S,Long,81.5
MIN,7/27,Tigers,5,Javier Baez,5-3,000 2,000 3,000 3,100 2,Yes,Carlos Santana,Jose Miranda,3B,RH,Fore,L,Short,81.2
MIN,7/30,Mets,8,Brandon Nimmo,1B,000 2,100 2,100 2,100 2,Yes,Carlos Santana,Willi Castro,2B,RH,Back,S,Long,84.6
MIN,8/5,Cubs,8,Miguel Amaya,5-3,000 1,000 2,000 2,100 1,Yes,Carlos Santana,Royce Lewis,3B,RH,Back,S,Long,83.4
MIN,8/6,Cubs,4,Nico Hoerner,1B,000 0,100 0,100 0,100 0,Yes,Carlos Santana,Jose Miranda,3B,RH,Back,S,Long,81.2
MIN,8/9,Guardians,3,Will Brennan,E5,000 2,100 2,000 3,100 2,No,Carlos Santana,Royce Lewis,3B,RH,Back,S,Stretch,83.4
MIN,8/16,Rangers,9,Carson Kelly,6-3,000 1,000 2,000 2,100 1,Yes,Carlos Santana,Willi Castro,SS,RH,Back,S,Long,86.7
MIN,8/27,Braves,3,Orlando Arcia,6-3,000 0,000 1,000 1,100 0,Yes,Carlos Santana,Willi Castro,SS,RH,Back,S,Long,86.7
MIN,8/28,Braves,3,Sean Murphy,5-3,000 0,000 1,000 1,100 0,Yes,Carlos Santana,Jose Miranda,3B,RH,Fore,S,Short,81.2
MIN,8/28,Braves,8,Ramon Laureano,1B,000 2,000 3,000 3,100 2,Yes,Carlos Santana,Willi Castro,SS,RH,Back,S,Long,86.7
MIN,8/30,Blue Jays,1,Vladimir Guerrero Jr,6-3,000 2,000 3,000 3,100 2,Yes,Carlos Santana,Willi Castro,SS,RH,Fore,L,Long,86.7
MIN,9/7,Royals,8,Tommy Pham,1B E6,110 1,101 1 +1,111 1,101 1 +1,No,Kyle Farmer,Brooks Lee,SS,RH,Fore,S,Stretch,81.5
MIN,9/19,Guardians,2,Lane Thomas,1B,000 0,100 0,100 0,100 0,Yes,Carlos Santana,Willi Castro,SS,RH,Back,S,Long,86.7
MIN,9/26,Marlins,1,Jonah Bride,1B,010 2,101 2,101 2,010 2 +1,Yes,Carlos Santana,Willi Castro,3B,RH,Back,S,Long,89.7
MIN,9/26,Marlins,6,Otto Lopez,5-3,000 0,000 1,000 1,100 0,Yes,Carlos Santana,Willi Castro,3B,RH,Back,S,Stretch,89.7
MIN,9/28,Orioles,7,Anthony Santander,4-3,001 2,000 3,000 3,010 2 +1,Yes,Carlos Santana,Edouard Julien,2B,RH,Fore,S,Long,79.8
NYM,3/31,Brewers,4,Brice Turang,4-3,000 1,000 2,000 2,100 1,Yes,Pete Alonso,Jeff McNeil,2B,RH,Fore,S,Short,78.7
NYM,4/1,Tigers,8,Carson Kelly,6-4-3 DP,100 1,000 3,000 3,010 2,Yes,Pete Alonso,Joey Wendle,2B,RH,Back,S,Short,79.6
NYM,4/4,Tigers,3,Gio Urshela,1B,000 1,100 1,100 1,100 1,Yes,Pete Alonso,Francisco Lindor,SS,RH,Back,S,Long,82.8
NYM,4/4,Tigers,4,Matt Vierling,6-3,110 0,011 1,011 1,011 0 +1,Yes,Pete Alonso,Francisco Lindor,SS,RH,Back,S,Short,82.8
NYM,4/6,Reds,3,Jeimer Candelario,5-3,000 1,000 2,000 2,100 1,Yes,Pete Alonso,Brett Baty,3B,RH,Back,S,Short,84.1
NYM,4/8,Braves,6,Ronald Acuna Jr,5-3,010 1,010 2,010 2,010 1 +1,Yes,Pete Alonso,Brett Baty,3B,RH,Back,R,Short,84.1
NYM,4/11,Braves,2,Adam Duvall,4-6 FC,100 1,100 2,100 2,010 2,Yes,Pete Alonso,Francisco Lindor,SS,RH,Back,S,Stretch,82.8
NYM,4/11,Braves,8,Adam Duvall,1B,101 2,110 2 +1,110 2 +1,011 2 +1,Yes,Pete Alonso,Brett Baty,3B,RH,Back,R,Long,84.1
NYM,4/13,Royals,7,Nelson Velazquez,6-3,000 2,000 3,000 3,100 2,Yes,Pete Alonso,Francisco Lindor,SS,RH,Back,S,Long,82.8
NYM,4/16,Pirates,8,Jared Triolo,5-3,000 0,000 1,000 1,100 0,Yes,Pete Alonso,Joey Wendle,3B,RH,Back,S,Stretch,79.6
NYM,4/19,Dodgers,6,Will Smith,E5,000 0,100 0,100 0,100 0,Yes,Pete Alonso,Joey Wendle,3B,RH,Back,R,Stretch,79.6
NYM,4/21,Dodgers,7,Gavin Lux,6-3,010 2,000 3,000 3,010 2 +1,Yes,Pete Alonso,Joey Wendle,SS,RH,Back,S,Stretch,79.6
NYM,4/21,Dodgers,8,Will Smith,5-3,100 2,000 3,000 3,011 2,Yes,Pete Alonso,Brett Baty,3B,RH,Back,S,Long,84.1
NYM,4/22,Giants,8,Nick Ahmed,4-3,000 2,000 3,000 3,100 2,Yes,Pete Alonso,Jeff McNeil,2B,RH,Back,S,Short,78.7
NYM,4/24,Giants,5,Austin Slater,1B,000 1,100 1,100 1,100 1,Yes,Pete Alonso,Brett Baty,3B,RH,Fore,R,Stretch,84.1
NYM,4/24,Giants,9,LaMonte Wade Jr,1B,000 1,100 1,100 1,100 1,No,Pete Alonso,Jeff McNeil,2B,RH,Fore,R,Stretch,78.7
NYM,4/26,Cardinals,6,Nolan Gorman,6-3,000 0,000 1,000 1,100 0,Yes,Pete Alonso,Francisco Lindor,SS,RH,Back,S,Short,82.8
NYM,4/27,Cardinals,5,Paul Goldschmidt,1B,000 1,100 1,000 2,100 1,No,Pete Alonso,Francisco Lindor,SS,RH,Fore,S,Long,82.8
NYM,4/27,Cardinals,5,Nolan Arenado,6-3,000 0,000 1,000 1,100 0,Yes,Pete Alonso,Francisco Lindor,SS,RH,Back,S,Long,82.8
NYM,5/3,Rays,2,Amed Rosario,1B,000 0,100 0,100 0,100 0,Yes,Pete Alonso,Jeff McNeil,2B,RH,Back,R,Short,78.7
NYM,5/5,Rays,5,Alex Jackson,5-3,000 1,000 2,000 2,100 1,Yes,Pete Alonso,Brett Baty,3B,RH,Back,S,Short,84.1
NYM,5/5,Rays,7,Amed Rosario,1B,000 1,100 1,100 1,100 1,Yes,Pete Alonso,Francisco Lindor,SS,RH,Fore,L,Long,82.8
NYM,5/6,Cardinals,2,Dylan Carlson,6-3,000 0,000 1,000 1,100 0,Yes,DJ Stewart,Francisco Lindor,SS,RH,Back,S,Short,82.8
NYM,5/7,Cardinals,4,Brandon Crawford,5-3,000 1,000 2,000 2,100 1,Yes,Pete Alonso,Brett Baty,3B,RH,Back,S,Short,84.1
NYM,5/10,Braves,4,Travis d'Arnaud,5-4-3 DP,110 0,001 2,001 2,010 1 +1,Yes,Pete Alonso,Jeff McNeil,2B,RH,Back,S,Short,78.7
NYM,5/11,Braves,2,Travis d'Arnaud,6-4-3 DP,100 1,000 3,000 3,010 2,Yes,Pete Alonso,Jeff McNeil,2B,RH,Back,S,Short,78.7
NYM,5/15,Phillies,6,Kyle Schwarber,1B E4,010 2,010 2 +1,000 3,010 2 +1,No,Pete Alonso,Jeff McNeil,2B,RH,Fore,L,Long,78.7
NYM,5/17,Marlins,1,Josh Bell,6-3 DP,100 1,000 3,000 3,010 2,Yes,Pete Alonso,Francisco Lindor,SS,RH,Back,R,Short,82.8
NYM,5/18,Marlins,9,Bryan De La Cruz,1B,100 1,110 1,110 1,011 1,Yes,Pete Alonso,Mark Vientos,3B,RH,Back,S,Long,86.6
NYM,5/20,Guardians,4,Brayan Rocchio,6-3,010 2,000 3,000 3,010 2 +1,Yes,Pete Alonso,Francisco Lindor,SS,RH,Back,S,Long,82.8
NYM,5/20,Guardians,8,Tyler Freeman,6-3,000 0,000 1,000 1,100 0,Yes,Pete Alonso,Francisco Lindor,SS,RH,Fore,S,Short,82.8
NYM,5/21,Guardians,4,Will Brennan,6-3,000 0,000 1,000 1,100 0,Yes,Pete Alonso,Francisco Lindor,SS,RH,Back,R,Short,82.8
NYM,5/22,Guardians,1,Tyler Freeman,5-3,000 0,000 1,000 1,100 0,Yes,Pete Alonso,Mark Vientos,3B,RH,Back,L,Short,86.6
NYM,5/22,Guardians,3,Brayan Rocchio,6-3,000 2,000 3,000 3,100 2,Yes,Pete Alonso,Francisco Lindor,SS,RH,Back,S,Short,82.8
NYM,5/24,Giants,4,Luis Matos,6-3,001 0,000 1 +1,000 1 +1,010 0 +1,Yes,Pete Alonso,Francisco Lindor,SS,RH,Back,S,Short,82.8
NYM,5/25,Giants,8,Luis Matos,6-4 FC,100 0,100 1,100 1,010 1,Yes,Pete Alonso,Jeff McNeil,2B,RH,Back,S,Short,78.7
NYM,5/25,Giants,9,Curt Casali,5-3,000 2,000 3,000 3,100 2,Yes,Pete Alonso,Brett Baty,3B,RH,Fore,S,Long,84.1
NYM,5/28,Dodgers,9,Miguel Rojas,5-3,000 0,000 1,000 1,100 0,Yes,Pete Alonso,Mark Vientos,3B,RH,Back,S,Short,86.6
NYM,5/31,Diamondbacks,2,Corbin Carroll,6-3,000 2,000 3,000 3,100 2,Yes,Pete Alonso,Francisco Lindor,SS,RH,Back,S,Stretch,82.8
NYM,5/31,Diamondbacks,3,Ketel Marte,5-4 FC E4,101 1,010 2 +1,000 3,010 2 +1,No,Pete Alonso,Jeff McNeil,2B,RH,Back,R,Short,78.7
NYM,5/31,Diamondbacks,8,Eugenio Suarez,5-3,100 2,000 3,000 3,011 2,Yes,Pete Alonso,Mark Vientos,3B,RH,Back,S,Short,86.6
NYM,6/1,Diamondbacks,6,Eugenio Suarez,5-3,000 1,000 2,000 2,100 1,Yes,Pete Alonso,Mark Vientos,3B,RH,Back,R,Short,86.6
NYM,6/5,Nationals,3,Jacob Young,1B,000 2,100 2,100 2,100 2,Yes,Pete Alonso,Jose Iglesias,2B,RH,Fore,S,Long,77.6
NYM,6/5,Nationals,5,Keibert Ruiz,6-3,000 0,000 1,000 1,100 0,Yes,Pete Alonso,Francisco Lindor,SS,RH,Back,R,Short,82.8
NYM,6/11,Marlins,6,Nick Gordon,6-3,000 1,000 2,000 2,100 1,Yes,Pete Alonso,Francisco Lindor,SS,RH,Back,S,Long,82.8
NYM,6/14,Padres,4,Fernando Tatis Jr,6-3,000 0,000 1,000 1,100 0,Yes,Pete Alonso,Francisco Lindor,SS,RH,Back,S,Short,82.8
NYM,6/21,Cubs,4,Dansby Swanson,6-3,000 2,000 3,000 3,100 2,Yes,Pete Alonso,Francisco Lindor,SS,RH,Back,S,Long,82.8
NYM,6/21,Cubs,9,David Bote,1B,000 1,100 1,100 1,100 1,Yes,Pete Alonso,Jose Iglesias,2B,RH,Back,S,Long,77.6
NYM,6/23,Cubs,4,Michael Busch,6-3,000 0,000 1,000 1,100 0,Yes,Pete Alonso,Francisco Lindor,SS,RH,Back,S,Short,82.8
NYM,6/23,Cubs,6,Miguel Amaya,1B,000 0,100 0,100 0,100 0,Yes,Pete Alonso,Mark Vientos,3B,RH,Back,S,Long,86.6
NYM,6/26,Yankees,1,Anthony Volpe,5-3,000 0,000 1,000 1,100 0,Yes,Pete Alonso,Mark Vientos,3B,RH,Back,R,Long,86.6
NYM,7/1,Nationals,7,Keibert Ruiz,1B,000 1,100 1,100 1,100 1,Yes,Pete Alonso,Jose Iglesias,2B,RH,Back,R,Long,77.6
NYM,7/2,Nationals,3,Nick Senzel,1B,000 0,100 0,100 0,100 0,Yes,Pete Alonso,Mark Vientos,3B,RH,Back,S,Long,86.6
NYM,7/13,Rockies,2,Brenton Doyle,1B,000 1,100 1,100 1,100 1,Yes,Pete Alonso,Francisco Lindor,SS,RH,Fore,S,Short,82.8
NYM,7/14,Rockies,5,Charlie Blackmon,6-3,100 1,010 2,010 2,011 1,Yes,Mark Vientos,Francisco Lindor,SS,RH,Back,S,Stretch,82.8
NYM,7/21,Marlins,7,Bryan De La Cruz,5-3,000 0,000 1,000 1,100 0,Yes,Pete Alonso,Mark Vientos,3B,RH,Back,S,Stretch,86.6
NYM,7/30,Twins,2,Austin Martin,6-3,000 2,000 3,000 3,100 2,Yes,Pete Alonso,Francisco Lindor,SS,RH,Fore,S,Short,82.8
NYM,7/31,Twins,9,Manuel Margot,6-3,000 1,000 2,000 2,100 1,Yes,Pete Alonso,Francisco Lindor,SS,RH,Back,S,Long,82.8
NYM,8/3,Angels,2,Matt Thaiss,6-3,000 1,000 2,000 2,100 1,Yes,Pete Alonso,Francisco Lindor,SS,RH,Back,R,Short,82.8
NYM,8/3,Angels,4,Brandon Drury,6-3,000 1,000 2,000 2,100 1,Yes,Pete Alonso,Francisco Lindor,SS,RH,Back,S,Stretch,82.8
NYM,8/5,Cardinals,5,Nolan Arenado,5-3,000 1,000 2,000 2,100 1,Yes,Pete Alonso,Jose Iglesias,3B,RH,Back,S,Short,79.6
NYM,8/7,Rockies,2,Elias Diaz,5-3,100 2,000 3,000 3,011 2,Yes,Pete Alonso,Jose Iglesias,3B,RH,Back,S,Long,79.6
NYM,8/7,Rockies,6,Brendan Rodgers,5-3,000 0,000 1,000 1,100 0,Yes,Pete Alonso,Jose Iglesias,3B,RH,Back,S,Long,79.6
NYM,8/7,Rockies,8,Kris Bryant,5-3,000 2,000 3,000 3,100 2,Yes,Pete Alonso,Jose Iglesias,3B,RH,Back,S,Short,79.6
NYM,8/9,Mariners,6,Randy Arozarena,5-3,000 0,000 1,000 1,100 0,Yes,Pete Alonso,Mark Vientos,3B,RH,Back,S,Stretch,86.6
NYM,8/18,Orioles,8,Emmanuel Rivera,4-3,011 2,000 3,000 3,010 2 +2,Yes,Pete Alonso,Jose Iglesias,2B,RH,Fore,S,Long,77.6
NYM,8/21,Orioles,5,Eloy Jimenez,4-3,000 2,000 3,000 3,100 2,Yes,Pete Alonso,Jose Iglesias,2B,RH,Back,S,Long,77.6
NYM,8/23,Padres,1,Manny Machado,1B,000 2,100 2,100 2,100 2,Yes,Pete Alonso,Francisco Lindor,SS,RH,Fore,S,Long,82.8
NYM,8/25,Padres,8,Xander Bogaerts,1B,000 2,100 2,100 2,100 2,Yes,Pete Alonso,Francisco Lindor,SS,RH,Back,S,Stretch,82.8
NYM,8/29,Diamondbacks,1,Geraldo Perdomo,5-3,000 0,000 1,000 1,100 0,Yes,Pete Alonso,Jose Iglesias,3B,RH,Back,S,Long,79.6
NYM,9/1,White Sox,2,Andrew Vaughn,5-3,000 0,000 1,000 1,100 0,Yes,Pete Alonso,Mark Vientos,3B,RH,Back,S,Long,86.6
NYM,9/10,Blue Jays,1,George Springer,1B,000 0,100 0,100 0,100 0,Yes,Pete Alonso,Eddy Alvarez,2B,RH,Back,S,Long,78
NYM,9/15,Phillies,7,Alec Bohm,5-3,000 1,000 2,000 2,100 1,Yes,Pete Alonso,Mark Vientos,3B,RH,Back,S,Long,86.6
NYM,9/17,Nationals,7,Keibert Ruiz,4-3,000 0,000 1,000 1,100 0,Yes,Pete Alonso,Eddy Alvarez,2B,RH,Back,S,Long,78
NYM,9/20,Phillies,6,JT Realmuto,1B,010 2,101 2,101 2,010 2 +1,Yes,Pete Alonso,Luisangel Acuna,SS,RH,Back,S,Long,85.6
NYM,9/27,Brewers,2,Blake Perkins,E6,000 1,100 1,000 2,100 1,No,Pete Alonso,Francisco Lindor,SS,RH,Back,S,Stretch,82.8
NYM,9/27,Brewers,4,Jackson Chourio,1B,011 2,101 2 +1,101 2 +1,010 2 +2,Yes,Pete Alonso,Jose Iglesias,2B,RH,Back,S,Long,77.6
NYM,9/27,Brewers,4,Gary Sanchez,5-3,000 0,000 1,000 1,100 0,Yes,Pete Alonso,Mark Vientos,3B,RH,Back,S,Long,86.6
NYM,9/27,Brewers,6,Gary Sanchez,5-3,000 0,000 1,000 1,100 0,Yes,Pete Alonso,Mark Vientos,3B,RH,Back,S,Stretch,86.6
NYM,9/27,Brewers,6,Jackson Chourio,6-3,010 2,000 3,000 3,010 2 +1,Yes,Pete Alonso,Francisco Lindor,SS,RH,Back,S,Stretch,82.8
NYM,9/29,Brewers,1,Brice Turang,5-3,000 0,000 1,000 1,100 0,Yes,Pete Alonso,Mark Vientos,3B,RH,Back,R,Short,86.6
NYY,3/28,Astros,9,Yordan Alvarez,1B,100 1,110 1,110 1,011 1,Yes,Anthony Rizzo,Gleyber Torres,2B,LH,Back,L,Long,75.2
NYY,3/30,Astros,2,Yainer Diaz,E5,000 1,100 1,000 2,100 1,No,Anthony Rizzo,Oswaldo Cabrera,3B,LH,Back,S,Stretch,80.5
NYY,4/2,Diamondbacks,2,Ketel Marte,6-3,000 2,000 3,000 3,100 2,Yes,Anthony Rizzo,Anthony Volpe,SS,LH,Back,S,Long,81.2
NYY,4/2,Diamondbacks,7,Ketel Marte,E5,000 0,001 0,000 1,001 0,No,Anthony Rizzo,Oswaldo Cabrera,3B,LH,Back,L,Stretch,80.5
NYY,4/5,Blue Jays,4,Justin Turner,E5,000 1,100 2,100 2,100 2,Yes,Anthony Rizzo,Jon Berti,3B,LH,Fore,R,Short,82
NYY,4/5,Blue Jays,4,Bo Bichette,5-3,000 0,000 1,000 1,100 0,Yes,Anthony Rizzo,Jon Berti,3B,LH,Fore,S,Short,82
NYY,4/7,Blue Jays,8,Kevin Kiermaier,6-3,000 0,000 1,000 1,100 0,Yes,Anthony Rizzo,Anthony Volpe,SS,LH,Fore,S,Short,81.2
NYY,4/8,Marlins,9,Nick Fortes,5-3,000 0,000 1,000 1,100 0,Yes,Anthony Rizzo,Jon Berti,3B,LH,Back,S,Short,82
NYY,4/10,Marlins,9,Nick Fortes,E6,110 1,110 1 +1,011 2,110 1 +1,No,Anthony Rizzo,Anthony Volpe,SS,LH,Back,S,Stretch,81.2
NYY,4/14,Guardians,1,Tyler Freeman,E3,000 1,100 1,000 2,100 1,No,Anthony Rizzo,Oswaldo Cabrera,3B,LH,Fore,S,Short,80.5
NYY,4/14,Guardians,9,Steven Kwan,4-6 FC,100 1,100 2,100 2,010 2,Yes,Anthony Rizzo,Anthony Volpe,SS,LH,Fore,R,Stretch,81.2
NYY,4/17,Blue Jays,2,Vladimir Guerrero Jr,5-3,011 2,000 3,000 3,010 2 +2,Yes,Anthony Rizzo,Oswaldo Cabrera,3B,LH,Back,S,Long,80.5
NYY,4/17,Blue Jays,9,Vladimir Guerrero Jr,6-3,010 2,000 3,000 3,010 2 +1,Yes,Anthony Rizzo,Anthony Volpe,SS,LH,Back,S,Short,81.2
NYY,4/19,Rays,7,Ben Rortvedt,1B,000 1,100 1,100 1,010 1,Yes,Anthony Rizzo,Oswaldo Cabrera,3B,LH,Fore,R,Long,80.5
NYY,4/25,A's,6,Abraham Toro,4-3,000 2,000 3,000 3,100 2,Yes,Anthony Rizzo,Gleyber Torres,2B,LH,Fore,S,Short,75.2
NYY,4/27,Brewers,9,Owen Miller,4-3,010 1,001 2,001 2,010 1 +1,Yes,Oswaldo Cabrera,Gleyber Torres,2B,RH,Back,R,Short,75.2
NYY,4/30,Orioles,4,Colton Cowser,1B,010 1,101 1,101 1,010 1 +1,Yes,Anthony Rizzo,Anthony Volpe,SS,LH,Back,S,Stretch,81.2
NYY,4/30,Orioles,5,Jordan Westburg,6-3,000 0,000 1,000 1,100 0,Yes,Anthony Rizzo,Anthony Volpe,SS,LH,Back,S,Long,81.2
NYY,5/3,Tigers,1,Riley Greene,6-3,000 0,000 1,000 1,100 0,Yes,Anthony Rizzo,Anthony Volpe,SS,LH,Back,S,Short,81.2
NYY,5/7,Astros,9,Victor Caratini,E5,100 2,011 2,000 3,011 2,No,Anthony Rizzo,Jon Berti,3B,LH,Fore,R,Stretch,82
NYY,5/7,Astros,9,Alex Bregman,5-3,000 0,000 1,000 1,100 0,Yes,Anthony Rizzo,Jon Berti,3B,LH,Back,S,Long,82
NYY,5/8,Astros,5,Jake Meyers,6-4 FC,110 0,101 1,101 1,010 1 +1,Yes,Anthony Rizzo,Gleyber Torres,2B,LH,Back,S,Short,75.2
NYY,5/11,Rays,7,Jose Siri,5-3,100 0,010 1,010 1,011 0,Yes,Anthony Rizzo,Jon Berti,3B,LH,Back,S,Long,82
NYY,5/17,White Sox,3,Zach Remillard,E5,000 0,010 0,000 1,010 0,No,Anthony Rizzo,Oswaldo Cabrera,3B,LH,Back,L,Short,80.5
NYY,5/20,Mariners,9,Luke Raley,1B E4,110 1,011 1 +1,011 2,011 1 +1,No,Anthony Rizzo,Gleyber Torres,2B,LH,Back,S,Stretch,75.2
NYY,5/23,Mariners,4,JP Crawford,1B,000 0,100 0,100 0,100 0,Yes,Anthony Rizzo,Anthony Volpe,SS,LH,Fore,S,Stretch,81.2
NYY,5/28,Angels,8,Logan O'Hoppe,5-3,011 2,000 3,000 3,010 2 +2,Yes,Anthony Rizzo,DJ LeMahieu,3B,LH,Fore,S,Stretch,78.6
NYY,5/29,Angels,6,Nolan Schanuel,6-3,000 0,000 1,000 1,100 0,Yes,Anthony Rizzo,Anthony Volpe,SS,LH,Back,S,Long,81.2
NYY,6/5,Twins,3,Carlos Santana,6-3,000 1,000 2,000 2,100 1,Yes,Anthony Rizzo,Anthony Volpe,SS,LH,Fore,S,Long,81.2
NYY,6/11,Royals,4,Nelson Velazquez,5-3,000 2,000 3,000 3,100 2,Yes,Anthony Rizzo,Oswaldo Cabrera,3B,LH,Back,S,Stretch,80.5
NYY,6/12,Royals,7,Freddy Fermin,6-3,000 0,000 1,000 1,100 0,Yes,Anthony Rizzo,Anthony Volpe,SS,LH,Fore,S,Long,81.2
NYY,6/12,Royals,9,Bobby Witt Jr,1B,000 0,100 0,100 0,100 0,No,Anthony Rizzo,Anthony Volpe,SS,LH,Fore,R,Long,81.2
NYY,6/16,Red Sox,6,Ceddanne Rafaela,6-3,000 2,000 3,000 3,100 2,Yes,Anthony Rizzo,Anthony Volpe,SS,LH,Back,S,Long,81.2
NYY,6/19,Orioles,2,Ramon Urias,6-3,000 2,000 3,000 3,100 2,Yes,Ben Rice,Anthony Volpe,SS,RH,Fore,S,Long,81.2
NYY,6/25,Mets,8,JD Martinez,6-3,010 2,000 3,000 3,010 2 +1,Yes,Ben Rice,Anthony Volpe,SS,RH,Back,S,Short,81.2
NYY,6/27,Blue Jays,4,Isiah Kiner-Falefa,1B,000 0,100 0,100 0,100 0,Yes,Ben Rice,Anthony Volpe,SS,RH,Fore,S,Long,81.2
NYY,6/29,Blue Jays,1,Justin Turner,6-3,000 1,000 2,000 2,100 1,Yes,Ben Rice,Anthony Volpe,SS,RH,Back,R,Short,81.2
NYY,6/30,Blue Jays,8,Davis Schneider,6-3,000 2,000 3,000 3,100 2,Yes,Ben Rice,Anthony Volpe,SS,RH,Fore,S,Long,81.2
NYY,7/6,Red Sox,7,Jarren Duran,E6,000 0,100 0,000 1,100 0,No,Ben Rice,Anthony Volpe,SS,RH,Back,S,Short,81.2
NYY,7/12,Orioles,5,Cedric Mullins,1B E6,000 0,010 0,000 1,010 0,No,Ben Rice,Anthony Volpe,SS,RH,Back,S,Long,81.2
NYY,7/19,Rays,5,Jose Caballero,1B,000 1,100 1,100 1,100 1,Yes,Ben Rice,Anthony Volpe,SS,RH,Back,S,Stretch,81.2
NYY,7/21,Rays,4,Josh Lowe,E4,000 2,100 2,100 2,100 2,Yes,Ben Rice,Gleyber Torres,2B,RH,Back,S,Short,75.2
NYY,7/24,Mets,5,JD Martinez,5-3,000 1,000 2,000 2,100 1,Yes,DJ LeMahieu,Oswaldo Cabrera,3B,RH,Back,S,Short,80.5
NYY,7/26,Red Sox,4,Romy Gonzalez,1B,000 0,100 0,000 1,100 0,No,Ben Rice,Anthony Volpe,SS,RH,Fore,S,Stretch,81.2
NYY,7/29,Phillies,1,Trea Turner,5-4-3 DP,100 0,000 2,000 2,010 1,Yes,Ben Rice,Gleyber Torres,2B,RH,Back,S,Short,75.2
NYY,7/30,Phillies,8,Alec Bohm,6-3,000 1,000 2,000 2,100 1,Yes,DJ LeMahieu,Anthony Volpe,SS,RH,Back,S,Long,81.2
NYY,7/30,Phillies,9,Trea Turner,1B,110 2,111 2,111 2,011 2 +1,Yes,DJ LeMahieu,Jazz Chisholm Jr,3B,RH,Back,S,Stretch,85.3
NYY,8/7,Angels,7,Mickey Moniak,5-3,000 2,000 3,000 3,100 2,Yes,DJ LeMahieu,Jazz Chisholm Jr,3B,RH,Back,S,Stretch,85.3
NYY,8/10,Rangers,8,Nate Lowe,E6,100 2,101 2,000 3,101 2,No,DJ LeMahieu,Anthony Volpe,SS,RH,Back,R,Short,81.2
NYY,8/10,Rangers,8,Marcus Semien,6-3,000 0,000 1,000 1,100 0,Yes,DJ LeMahieu,Anthony Volpe,SS,RH,Back,S,Stretch,81.2
NYY,8/14,White Sox,6,Gavin Sheets,6-3,000 2,000 3,000 3,100 2,Yes,DJ LeMahieu,Anthony Volpe,SS,RH,Back,S,Stretch,81.2
NYY,8/14,White Sox,9,Andrew Vaughn,5-3,000 0,000 1,000 1,100 0,Yes,DJ LeMahieu,Oswaldo Cabrera,3B,RH,Back,S,Short,80.5
NYY,8/21,Guardians,9,David Fry,6-3,000 2,000 3,000 3,100 2,Yes,Ben Rice,Anthony Volpe,SS,RH,Fore,S,Long,81.2
NYY,8/24,Rockies,8,Michael Toglia,5-3,100 2,000 3,000 3,011 2,Yes,Ben Rice,Jazz Chisholm Jr,3B,RH,Back,S,Short,85.3
NYY,9/2,Rangers,2,Wyatt Langford,5-3,000 1,000 2,000 2,100 1,Yes,Anthony Rizzo,Jazz Chisholm Jr,3B,LH,Fore,S,Long,85.3
NYY,9/2,Rangers,9,Marcus Semien,4-3,011 2,000 3,000 3,010 2 +2,Yes,Anthony Rizzo,Gleyber Torres,2B,LH,Fore,S,Short,75.2
NYY,9/9,Royals,1,Tommy Pham,E5,000 0,100 0,000 1,100 0,No,Anthony Rizzo,Jazz Chisholm Jr,3B,LH,Fore,S,Stretch,85.3
NYY,9/15,Red Sox,7,Romy Gonzalez,6-3,000 2,000 3,000 3,100 2,Yes,Oswaldo Cabrera,Anthony Volpe,SS,RH,Back,S,Long,81.2
NYY,9/17,Mariners,2,Josh Rojas,4-3,000 2,000 3,000 3,100 2,Yes,Anthony Rizzo,Gleyber Torres,2B,LH,Back,S,Long,75.2
NYY,9/17,Mariners,5,Randy Arozarena,5-3,100 2,000 3,000 3,011 2,Yes,Anthony Rizzo,Jazz Chisholm Jr,3B,LH,Back,S,Stretch,85.3
NYY,9/17,Mariners,7,Randy Arozarena,5-3,110 2,000 3,000 3,011 2 +1,Yes,Anthony Rizzo,Jazz Chisholm Jr,3B,LH,Fore,S,Short,85.3
NYY,9/18,Mariners,3,Julio Rodriguez,5-3,000 1,000 2,000 2,100 1,Yes,Anthony Rizzo,Jazz Chisholm Jr,3B,LH,Back,S,Stretch,85.3
NYY,9/20,A's,1,Lawrence Butler,6-3,000 0,000 1,000 1,100 0,Yes,Anthony Rizzo,Anthony Volpe,SS,LH,Fore,S,Short,81.2
NYY,9/20,A's,2,Zack Gelof,4-3,000 2,000 3,000 3,100 2,Yes,Anthony Rizzo,Gleyber Torres,2B,LH,Back,S,Long,75.2
NYY,9/20,A's,9,Max Schuemann,6-3,000 0,000 1,000 1,100 0,Yes,Anthony Rizzo,Anthony Volpe,SS,LH,Back,S,Stretch,81.2
NYY,9/21,A's,1,Lawrence Butler,1B,000 0,100 0,100 0,100 0,Yes,Oswaldo Cabrera,Anthony Volpe,SS,RH,Back,S,Long,81.2
NYY,9/21,A's,3,Nick Allen,5-3,100 0,010 1,010 1,011 0,Yes,Oswaldo Cabrera,Jon Berti,3B,RH,Back,S,Short,82
NYY,9/21,A's,8,Jacob Wilson,5-3,000 0,000 1,000 1,100 0,Yes,Oswaldo Cabrera,Jon Berti,3B,RH,Fore,L,Short,82
NYY,9/27,Pirates,7,Nick Yorke,5-3,000 2,000 3,000 3,100 2,Yes,Oswaldo Cabrera,Jazz Chisholm Jr,3B,RH,Back,S,Long,85.3
OAK,3/28,Guardians,2,Josh Naylor,4-3,000 0,000 1,000 1,100 0,Yes,Ryan Noda,Zach Gelof,2B,LH,Back,S,Long,77.2
OAK,3/28,Guardians,5,Ramon Laureano,4-3,000 0,000 1,000 1,100 0,Yes,Ryan Noda,Zach Gelof,2B,LH,Back,S,Stretch,77.2
OAK,3/30,Guardians,5,Gabriel Arias,E6,010 2,100 2 +1,000 3,100 2 +1,No,Ryan Noda,Nick Allen,SS,LH,Back,S,Short,83.8
OAK,4/5,Tigers,4,Andy Ibanez,1B E5,000 0,010 0,100 0,010 0,No,JD Davis,Darell Hernaiz,3B,RH,Back,R,Short,79.3
OAK,4/6,Tigers,3,Carson Kelly,1B,000 0,100 0,000 1,100 0,No,Ryan Noda,JD Davis,3B,LH,Fore,S,Stretch,88.7
OAK,4/7,Tigers,9,Gio Urshela,1B,000 1,100 1,100 1,100 1,Yes,Ryan Noda,Nick Allen,SS,LH,Fore,S,Long,83.8
OAK,4/16,Cardinals,3,Brendan Donovan,5-3,011 1,001 2,001 2,010 1 +2,Yes,Ryan Noda,Abraham Toro,3B,LH,Fore,S,Short,85.6
OAK,4/16,Cardinals,7,Nolan Arenado,6-3,100 2,000 3,000 3,011 2,Yes,Ryan Noda,Darell Hernaiz,SS,LH,Back,S,Long,79.3
OAK,4/20,Guardians,4,Gabriel Arias,1B,000 1,100 1,100 1,100 1,Yes,Ryan Noda,Nick Allen,SS,LH,Fore,R,Long,83.8
OAK,4/30,Pirates,5,Connor Joe,1B,000 0,100 0,100 0,100 0,Yes,Ryan Noda,Abraham Toro,2B,LH,Fore,R,Short,83.8
OAK,5/1,Pirates,4,Jared Triolo,E5,100 2,011 2,000 3,011 2,No,Ryan Noda,Tyler Nevin,3B,LH,Back,S,Stretch,87.3
OAK,5/1,Pirates,5,Ke'Bryan Hayes,6-3,000 1,000 2,000 2,100 1,Yes,Ryan Noda,Darell Hernaiz,SS,LH,Fore,S,Long,79.3
OAK,5/3,Marlins,9,Nick Gordon,1B,000 2,100 2,100 2,100 2,Yes,Tyler Nevin,Darell Hernaiz,SS,RH,Back,S,Long,79.3
OAK,5/8,Rangers,6,Marcus Semien,1B,000 0,100 0,100 0,100 0,Yes,JD Davis,Max Schuemann,SS,RH,Back,R,Long,85.1
OAK,5/11,Mariners,6,Julio Rodriguez,6-4 FC,100 1,100 2,100 2,100 2,No,Tyler Soderstrom,Abraham Toro,2B,RH,Back,S,Short,83.8
OAK,5/11,Mariners,8,Ty France,5-3,000 1,000 2,000 2,100 1,Yes,JD Davis,Brett Harris,3B,RH,Fore,S,Long,81.2
OAK,5/13,Astros,2,Yainer Diaz,5-4-3 DP,100 1,000 3,000 3,010 2,Yes,Tyler Soderstrom,Abraham Toro,2B,RH,Back,S,Short,83.8
OAK,5/15,Astros,8,Yordan Alvarez,1B,000 1,100 1,100 1,100 1,Yes,JD Davis,Max Schuemann,SS,RH,Fore,S,Long,85.1
OAK,5/17,Royals,8,Kyle Isbel,1B,000 1,100 1,000 2,100 1,No,JD Davis,Zack Gelof,2B,RH,Back,R,Short,77.2
OAK,5/21,Rockies,3,Brendan Rodgers,5-3,100 2,000 3,000 3,011 2,Yes,Tyler Soderstrom,Abraham Toro,3B,RH,Back,S,Long,85.6
OAK,5/25,Astros,5,Yainer Diaz,5-3,000 1,000 2,000 2,100 1,Yes,Tyler Soderstrom,Abraham Toro,3B,RH,Back,S,Stretch,85.6
OAK,5/28,Rays,8,Randy Arozarena,1B,000 0,100 0,100 0,100 0,Yes,Tyler Soderstrom,Max Schuemann,SS,RH,Back,S,Long,85.1
OAK,5/30,Rays,6,Jonny DeLuca,6-3,000 1,000 2,000 2,100 1,Yes,Aledmys Diaz,Max Schuemann,SS,RH,Fore,S,Stretch,85.1
OAK,6/1,Braves,5,Austin Riley,1B E5,011 1,010 1 +2,001 2 +1,010 1 +2,No,Aledmys Diaz,Abraham Toro,3B,RH,Back,S,Short,85.6
OAK,6/14,Twins,8,Carlos Correa,E6,000 1,100 1,000 2,100 1,No,Tyler Soderstrom,Max Schuemann,SS,RH,Back,S,Stretch,85.1
OAK,6/16,Twins,1,Ryan Jeffers,1-4 FC,100 1,100 2,100 2,100 2,No,Tyler Soderstrom,Abraham Toro,2B,RH,Fore,R,Stretch,83.8
OAK,6/16,Twins,7,Willi Castro,5-3,010 1,010 2,010 2,010 1 +1,Yes,Tyler Soderstrom,JD Davis,3B,RH,Back,S,Short,88.7
OAK,6/21,Twins,1,Carlos Correa,5-3,010 0,001 1,001 1,010 0 +1,Yes,Tyler Soderstrom,Abraham Toro,3B,RH,Back,S,Long,85.6
OAK,6/22,Twins,1,Manuel Margot,1B,000 0,100 0,100 0,100 0,Yes,Tyler Soderstrom,Tyler Nevin,3B,RH,Back,R,Long,87.3
OAK,6/22,Twins,6,Kyle Farmer,5-3,010 2,000 3,000 3,010 2 +1,Yes,Tyler Soderstrom,Tyler Nevin,3B,RH,Back,S,Long,87.3
OAK,6/24,Angels,8,Michael Stefanic,6-3,100 2,000 3,000 3,011 2,Yes,Tyler Soderstrom,Aledmys Diaz,SS,RH,Back,S,Long,88
OAK,6/26,Angels,8,Zach Neto,1B,000 2,100 2,100 2,100 2,No,Tyler Soderstrom,Tyler Nevin,3B,RH,Back,S,Stretch,87.3
OAK,6/30,Diamondbacks,8,Ketel Marte,5-4-3 DP,110 1,000 3,000 3,010 2 +1,Yes,Tyler Soderstrom,Zack Gelof,2B,RH,Fore,S,Short,77.2
OAK,7/2,Angels,4,Logan O'Hoppe,1B,000 2,100 2,000 3,100 2,No,Tyler Soderstrom,Brett Harris,3B,RH,Fore,L,Long,81.2
OAK,7/2,Angels,4,Taylor Ward,6-3,000 0,000 1,000 1,100 0,Yes,Tyler Soderstrom,Max Schuemann,SS,RH,Back,S,Long,85.1
OAK,7/5,Orioles,9,Jorge Mateo,1B,010 0,101 0,101 0,010 0 +1,Yes,Tyler Soderstrom,Max Schuemann,SS,RH,Back,S,Long,85.1
OAK,7/7,Orioles,4,Ramon Urias,1B E5,000 1,010 1,000 2,010 1,No,Tyler Soderstrom,Brett Harris,3B,RH,Back,S,Stretch,81.2
OAK,7/7,Orioles,8,Jordan Westburg,5-3,000 1,000 2,000 2,100 1,Yes,Tyler Soderstrom,Brett Harris,3B,RH,Fore,L,Short,81.2
OAK,7/10,Red Sox,5,Jamie Westbrook,E5,000 1,100 1,000 2,100 1,No,Tyler Nevin,Brett Harris,3B,RH,Back,S,Stretch,81.2
OAK,7/11,Red Sox,6,Ceddanne Rafaela,6-4-3 DP,100 1,000 3,000 3,010 2,Yes,Seth Brown,Zack Gelof,2B,LH,Fore,S,Stretch,77.2
OAK,7/14,Phillies,9,Alec Bohm,6-3,000 0,000 1,000 1,100 0,Yes,Seth Brown,Max Schuemann,SS,LH,Back,S,Short,85.1
OAK,7/19,Angels,3,Nolan Schanuel,6-3 DP,100 0,000 2,000 2,010 1,Yes,Seth Brown,Jacob Wilson,SS,LH,Fore,R,Long,89.5
OAK,7/21,Angels,2,Zach Neto,5-3,000 1,000 2,000 2,100 1,Yes,Seth Brown,Abraham Toro,3B,LH,Back,S,Long,85.6
OAK,7/23,Astros,5,Jeremy Pena,1B,000 0,100 0,100 0,100 0,Yes,Seth Brown,Max Schuemann,SS,LH,Fore,R,Long,85.1
OAK,8/5,White Sox,5,Miguel Vargas,5-3,000 2,000 3,000 3,100 2,Yes,Tyler Nevin,Darrell Hernaiz,3B,RH,Back,S,Stretch,79.3
OAK,8/7,White Sox,4,Lenyn Sosa,1B,000 2,100 2,000 3,100 2,No,Armando Alvarez,Darell Hernaiz,SS,RH,Fore,L,Stretch,79.3
OAK,8/7,White Sox,5,Brooks Baldwin,4-6 FC E6,100 1,010 2,000 2,010 2,No,Armando Alvarez,Darell Hernaiz,SS,RH,Back,S,Stretch,79.3
OAK,8/9,Blue Jays,6,Spencer Horwitz,1B,100 1,101 1,010 2,101 1,No,Abraham Toro,Max Schuemann,SS,RH,Back,R,Short,85.1
OAK,8/18,Giants,4,Tyler Fitzgerald,1B,000 0,100 0,100 0,100 0,Yes,Tyler Nevin,Darrell Hernaiz,3B,RH,Fore,S,Long,79.3
OAK,8/21,Rays,9,Jonny DeLuca,6-3,000 1,000 2,000 2,100 1,Yes,Tyler Nevin,Max Schuemann,SS,RH,Fore,S,Long,85.1
OAK,8/23,Brewers,8,Joey Ortiz,1B,000 0,100 0,100 0,100 0,Yes,Seth Brown,Darrell Hernaiz,3B,LH,Fore,S,Short,79.3
OAK,9/4,Mariners,6,Victor Robles,6-3,000 1,000 2,000 2,100 1,Yes,Tristan Gray,Jacob Wilson,SS,RH,Back,R,Stretch,89.5
OAK,9/4,Mariners,8,Cal Raleigh,1B,000 1,100 1,100 1,100 1,Yes,Tristan Gray,Armando Alvarez,3B,RH,Fore,R,Long,87.7
OAK,9/8,Tigers,9,Trey Sweeney,1B,000 1,100 1,100 1,100 1,Yes,Tristan Gray,Zack Gelof,2B,RH,Back,R,Long,77.2
OAK,9/12,Astros,1,Alex Bregman,6-3,000 0,000 1,000 1,100 0,Yes,Tyler Nevin,Jacob Wilson,SS,RH,Back,S,Short,89.5
OAK,9/13,White Sox,5,Miguel Vargas,1B,000 1,100 1,100 1,100 1,Yes,Tyler Nevin,Jacob Wilson,SS,RH,Back,S,Long,89.5
OAK,9/24,Rangers,6,Marcus Semien,5-3,000 2,000 3,000 3,100 2,Yes,Tyler Soderstrom,Darrell Hernaiz,3B,RH,Fore,L,Short,79.3
OAK,9/26,Rangers,1,Adolis Garcia,5-3,100 2,000 3,000 3,011 2,Yes,Tyler Soderstrom,Max Schuemann,3B,RH,Back,S,Stretch,85.3
PHI,3/30,Braves,3,Orlando Arcia,1B,010 1,110 1,110 1,010 1 +1,Yes,Bryce Harper,Trea Turner,SS,RH,Fore,R,Long,81.9
PHI,4/2,Reds,5,Jonathan India,5-3,010 2,000 3,000 3,010 2 +1,Yes,Bryce Harper,Alec Bohm,3B,RH,Back,S,Long,82.4
PHI,4/2,Reds,8,Jonathan India,E5,010 0,010 0 +1,010 1,010 0 +1,No,Bryce Harper,Alec Bohm,3B,RH,Back,S,Stretch,82.4
PHI,4/9,Cardinals,6,Nolan Arenado,6-3,000 1,000 2,000 2,100 1,Yes,Bryce Harper,Trea Turner,SS,RH,Fore,S,Long,81.9
PHI,4/10,Cardinals,2,Jordan Walker,5-3,000 2,000 3,000 3,100 2,Yes,Bryce Harper,Alec Bohm,3B,RH,Back,S,Long,82.4
PHI,4/13,Pirates,4,Connor Joe,5-4 FC E4,100 1,010 2,000 3,010 2,No,Bryce Harper,Edmundo Sosa,2B,RH,Back,R,Stretch,79.3
PHI,4/15,Rockies,4,Nolan Jones,6-3,100 2,000 3,000 3,011 2,Yes,Bryce Harper,Trea Turner,SS,RH,Back,S,Stretch,81.9
PHI,4/17,Rockies,8,Ryan McMahon,1B,100 0,110 0,110 0,011 0,Yes,Bryce Harper,Trea Turner,SS,RH,Fore,L,Long,81.9
PHI,4/21,White Sox,3,Eloy Jimenez,5-3,000 2,000 3,000 3,100 2,Yes,Bryce Harper,Alec Bohm,3B,RH,Back,R,Stretch,82.4
PHI,4/21,White Sox,9,Eloy Jimenez,5-3,000 0,000 1,000 1,100 0,Yes,Bryce Harper,Alec Bohm,3B,RH,Fore,S,Stretch,82.4
PHI,4/22,Reds,1,Stuart Fairchild,1B,000 0,100 0,100 0,100 0,Yes,Kody Clemens,Alec Bohm,3B,RH,Fore,L,Stretch,82.4
PHI,4/23,Reds,3,Nick Martini,E3,011 2,010 2 +2,000 3,010 2 +2,No,Alec Bohm,Trea Turner,SS,RH,Back,R,Short,81.9
PHI,4/23,Reds,6,Tyler Stephenson,5-3,000 1,000 2,000 2,100 1,Yes,Alec Bohm,Edmundo Sosa,3B,RH,Back,S,Long,81
PHI,4/26,Padres,2,Manny Machado,6-3,000 0,000 1,000 1,100 0,Yes,Bryce Harper,Trea Turner,SS,RH,Back,S,Long,81.9
PHI,4/30,Angels,6,Taylor Ward,1B,000 1,100 1,000 2,100 1,No,Bryce Harper,Bryson Stott,2B,RH,Back,R,Stretch,82.5
PHI,5/3,Giants,3,Matt Chapman,5-3 DP,110 0,010 2,010 2,011 1,Yes,Bryce Harper,Alec Bohm,3B,RH,Back,S,Long,82.4
PHI,5/3,Giants,4,Thairo Estrada,6-3,000 0,000 1,000 1,100 0,Yes,Bryce Harper,Trea Turner,SS,RH,Fore,S,Stretch,81.9
PHI,5/4,Giants,4,Matt Chapman,E5,000 0,100 0,000 1,100 0,Yes,Bryce Harper,Whit Merrifield,3B,RH,Fore,L,Long,83.5
PHI,5/4,Giants,7,Thairo Estrada,6U FC,100 0,100 1,100 1,010 1,Yes,Bryce Harper,Edmundo Sosa,SS,RH,Back,R,Long,80.3
PHI,5/4,Giants,9,Thairo Estrada,1B,000 1,100 1,100 1,100 1,Yes,Kody Clemens,Edmundo Sosa,SS,RH,Fore,R,Stretch,80.3
PHI,5/5,Giants,7,Mike Yastrzemski,1B,000 1,100 1,100 1,100 1,Yes,Bryce Harper,Bryson Stott,2B,RH,Back,R,Stretch,82.5
PHI,5/8,Blue Jays,7,Justin Turner,4-3,010 1,001 2,001 2,010 1 +1,Yes,Bryce Harper,Bryson Stott,2B,RH,Back,S,Long,82.5
PHI,5/10,Marlins,2,Tim Anderson,5-3,000 1,000 2,000 2,100 1,Yes,Bryce Harper,Alec Bohm,3B,RH,Back,S,Stretch,82.4
PHI,5/12,Marlins,9,Bryan De La Cruz,6-3,100 1,010 2,010 2,011 1,Yes,Alec Bohm,Edmundo Sosa,SS,RH,Back,S,Stretch,80.3
PHI,5/13,Mets,7,JD Martinez,5-3,100 1,110 1,110 1,011 1,Yes,Bryce Harper,Alec Bohm,3B,RH,Back,S,Long,82.4
PHI,5/15,Mets,3,JD Martinez,6-3,010 0,010 1,010 1,010 0 +1,Yes,Bryce Harper,Edmundo Sosa,SS,RH,Back,S,Long,80.3
PHI,5/18,Nationals,6,Nick Senzel,6-3,000 1,000 2,000 2,100 1,Yes,Bryce Harper,Edmundo Sosa,SS,RH,Fore,S,Long,80.3
PHI,5/21,Rangers,9,Derek Hill,E5,000 1,100 1,000 2,100 1,No,Bryce Harper,Alec Bohm,3B,RH,Back,S,Short,82.4
PHI,5/24,Rockies,4,Elias Diaz,5-3,000 0,000 1,000 1,100 0,Yes,Alec Bohm,Whit Merrifield,3B,RH,Fore,S,Long,83.5
PHI,5/24,Rockies,8,Brenton Doyle,5-3,000 2,000 3,000 3,100 2,Yes,Alec Bohm,Whit Merrifield,3B,RH,Back,S,Stretch,83.5
PHI,5/25,Rockies,8,Ezequiel Tovar,1B,000 0,100 0,100 0,100 0,Yes,Bryce Harper,Edmundo Sosa,SS,RH,Back,S,Long,80.3
PHI,5/26,Rockies,2,Brendan Rodgers,5 FC E5,111 1,010 2 +2,000 3,010 2 +2,No,Bryce Harper,Alec Bohm,3B,RH,Back,R,Stretch,82.4
PHI,5/28,Giants,9,Thairo Estrada,1B,000 0,100 0,100 0,100 0,Yes,Bryce Harper,Bryson Stott,2B,RH,Back,S,Short,82.5
PHI,5/29,Giants,6,Jorge Soler,6-3,000 2,000 3,000 3,100 2,Yes,Bryce Harper,Edmundo Sosa,SS,RH,Back,S,Stretch,80.3
PHI,6/4,Brewers,5,Blake Perkins,1B,000 2,100 2,100 2,100 2,Yes,Bryce Harper,Alec Bohm,3B,RH,Back,S,Stretch,82.4
PHI,6/12,Red Sox,8,Ceddanne Rafaela,1B,000 0,100 0,000 1,100 0,No,Bryce Harper,Alec Bohm,3B,RH,Fore,S,Stretch,82.4
PHI,6/17,Padres,8,Jackson Merrill,4-3,000 0,000 1,000 1,100 0,Yes,Bryce Harper,Bryson Stott,2B,RH,Back,S,Long,82.5
PHI,6/19,Padres,6,Fernando Tatis Jr,1B,000 1,100 1,100 1,100 1,Yes,Bryce Harper,Bryson Stott,2B,RH,Back,S,Long,82.5
PHI,6/24,Tigers,7,Justyn-Henry Malloy,6-3,000 1,000 2,000 2,100 1,Yes,Bryce Harper,Trea Turner,SS,RH,Back,S,Long,81.9
PHI,6/26,Tigers,6,Colt Keith,1B,000 2,100 2,000 3,100 2,No,Bryce Harper,Bryson Stott,2B,RH,Back,S,Stretch,82.5
PHI,6/28,Marlins,1,Jake Burger,1B,000 2,100 2,100 2,100 2,Yes,Kody Clemens,Trea Turner,SS,RH,Back,S,Long,81.9
PHI,6/30,Marlins,5,Josh Bell,1B E5,000 0,010 0,000 1,010 0,No,Kody Clemens,Alec Bohm,3B,RH,Back,R,Stretch,82.4
PHI,6/30,Marlins,9,Jake Burger,E6,000 1,100 1,000 2,100 1,No,Alec Bohm,Trea Turner,SS,RH,Back,S,Long,81.9
PHI,7/6,Braves,7,Ozzie Albies,6-3,000 1,000 2,000 2,100 1,Yes,Kody Clemens,Trea Turner,SS,RH,Back,S,Long,81.9
PHI,7/7,Braves,8,Orlando Arcia,6-3,010 1,010 2,010 2,010 1 +1,Yes,Kody Clemens,Trea Turner,SS,RH,Fore,S,Short,81.9
PHI,7/11,Dodgers,1,Teoscar Hernandez,1B,100 2,110 2,110 2,011 2,Yes,Bryce Harper,Alec Bohm,3B,RH,Back,S,Long,82.4
PHI,7/12,A's,3,Armando Alvarez,6-3,000 0,000 1,000 1,100 0,Yes,Bryce Harper,Trea Turner,SS,RH,Fore,S,Long,81.9
PHI,7/14,A's,8,Brett Harris,5-3,000 1,000 2,000 2,100 1,Yes,Bryce Harper,Alec Bohm,3B,RH,Back,S,Long,82.4
PHI,7/28,Guardians,4,Jose Ramirez,1B,000 0,100 0,100 0,100 0,Yes,Bryce Harper,Alec Bohm,3B,RH,Back,S,Long,82.4
PHI,8/3,Mariners,1,Victor Robles,5-3,000 0,000 1,000 1,100 0,Yes,Bryce Harper,Alec Bohm,3B,RH,Back,S,Stretch,82.4
PHI,8/6,Dodgers,7,Enrique Hernandez,1B,000 0,100 0,100 0,100 0,No,Bryce Harper,Trea Turner,SS,RH,Back,S,Long,81.9
PHI,8/7,Dodgers,5,Freddie Freeman,6-3,000 0,000 1,000 1,100 0,Yes,Bryce Harper,Trea Turner,SS,RH,Fore,S,Short,81.9
PHI,8/10,Diamondbacks,4,Kevin Newman,5-3,101 2,000 3,000 3,011 2 +1,Yes,Bryce Harper,Alec Bohm,3B,RH,Back,S,Short,82.4
PHI,8/16,Nationals,4,James Wood,1B,000 0,100 0,100 0,100 0,Yes,Bryce Harper,Alec Bohm,3B,RH,Fore,S,Short,82.4
PHI,8/25,Royals,6,Paul DeJong,5-3,000 0,000 1,000 1,100 0,Yes,Bryce Harper,Alec Bohm,3B,RH,Back,S,Stretch,82.4
PHI,9/7,Marlins,3,Jonah Bride,E5,010 2,100 2 +1,000 3,100 2 +1,No,Bryce Harper,Kody Clemens,3B,RH,Fore,S,Stretch,83.9
PHI,9/8,Marlins,3,Jake Burger,5-3,000 0,000 1,000 1,100 0,Yes,Kody Clemens,Weston Wilson,3B,RH,Fore,L,Short,87.6
PHI,9/18,Brewers,4,William Contreras,1B,000 0,100 0,100 0,100 0,No,Bryce Harper,Trea Turner,SS,RH,Fore,S,Stretch,81.9
PHI,9/21,Mets,2,Harrison Bader,5-3,000 1,000 2,000 2,100 1,Yes,Bryce Harper,Alec Bohm,3B,RH,Back,S,Stretch,82.4
PHI,9/24,Cubs,7,Dansby Swanson,5-3,110 2,000 3,000 3,011 2 +1,Yes,Bryce Harper,Alec Bohm,3B,RH,Back,S,Long,82.4
PIT,3/28,Marlins,10,Jake Burger,4-6-3 DP,110 0,001 2,001 2,010 1 +1,Yes,Connor Joe,Oneil Cruz,SS,RH,Back,R,Short,95.3
PIT,3/30,Marlins,2,Jesus Sanchez,E6,000 2,100 2,000 3,100 2,No,Connor Joe,Oneil Cruz,SS,RH,Fore,S,Short,95.3
PIT,4/8,Tigers,7,Jake Rogers,6-3,000 1,000 2,000 2,100 1,Yes,Rowdy Tellez,Oneil Cruz,SS,LH,Fore,S,Short,95.3
PIT,4/9,Tigers,5,Javier Baez,6-3,000 1,000 2,000 2,100 1,Yes,Rowdy Tellez,Alika Williams,SS,LH,Fore,S,Long,79.1
PIT,4/14,Phillies,1,Trea Turner,1B,000 1,100 1,100 1,100 1,Yes,Rowdy Tellez,Oneil Cruz,SS,LH,Back,L,Long,95.3
PIT,4/16,Mets,5,Brett Baty,5-3,000 0,000 1,000 1,100 0,Yes,Connor Joe,Jared Triolo,3B,RH,Back,S,Short,84.2
PIT,4/25,Brewers,7,Rhys Hoskins,1B,010 2,101 2,000 3,101 2,No,Rowdy Tellez,Jared Triolo,3B,LH,Fore,S,Long,84.2
PIT,4/27,Giants,6,Jung-Hoo Lee,1B,000 2,100 2,100 2,100 2,Yes,Rowdy Tellez,Alika Williams,SS,LH,Fore,R,Short,79.1
PIT,5/6,Angels,2,Brandon Drury,6-3,000 2,000 3,000 3,100 2,Yes,Connor Joe,Oneil Cruz,SS,RH,Back,S,Short,95.3
PIT,5/12,Cubs,2,Miguel Amaya,5-3,000 2,000 3,000 3,100 2,Yes,Rowdy Tellez,Jared Triolo,3B,LH,Back,S,Stretch,84.2
PIT,5/13,Brewers,9,Gary Sanchez,5-3,000 2,000 3,000 3,100 2,Yes,Rowdy Tellez,Jared Triolo,3B,LH,Back,S,Long,84.2
PIT,5/14,Brewers,5,Christian Yelich,6-3,000 1,000 2,000 2,100 1,Yes,Connor Joe,Oneil Cruz,SS,RH,Back,S,Short,95.3
PIT,5/18,Cubs,3,Miles Mastrobuoni,6-3,000 1,000 2,000 2,100 1,Yes,Connor Joe,Alika Williams,SS,RH,Back,S,Long,79.1
PIT,5/22,Giants,1,Thairo Estrada,5-4 FC,100 1,100 2,100 2,010 2,Yes,Connor Joe,Nick Gonzales,2B,RH,Back,S,Long,79.1
PIT,5/22,Giants,1,Luis Matos,5-3,000 0,000 1,000 1,100 0,Yes,Connor Joe,Jared Triolo,3B,RH,Fore,S,Short,84.2
PIT,5/23,Giants,5,Luis Matos,5-3,100 2,000 3,000 3,011 2,Yes,Rowdy Tellez,Jared Triolo,3B,LH,Fore,S,Stretch,84.2
PIT,5/26,Braves,8,Michael Harris II,1B,000 2,100 2,000 3,100 2,No,Connor Joe,Nick Gonzales,2B,RH,Fore,S,Short,79.1
PIT,6/2,Blue Jays,6,George Springer,4-3,000 0,000 1,000 1,100 0,Yes,Rowdy Tellez,Nick Gonzales,2B,LH,Back,S,Short,79.1
PIT,6/6,Dodgers,3,Andy Pages,1B,000 1,100 1,100 1,100 1,No,Rowdy Tellez,Oneil Cruz,SS,LH,Fore,S,Long,95.3
PIT,6/7,Twins,4,Jose Miranda,1B,000 2,100 2,000 3,100 2,No,Connor Joe,Nick Gonzales,2B,RH,Back,S,Stretch,79.1
PIT,6/9,Twins,1,Byron Buxton,6-3,001 2,000 3,000 3,011 2,Yes,Rowdy Tellez,Oneil Cruz,SS,LH,Fore,R,Stretch,95.3
PIT,6/15,Rockies,6,Hunter Goodman,1B,000 1,100 1,100 1,100 1,Yes,Connor Joe,Ke'Bryan Hayes,3B,RH,Back,S,Long,80.4
PIT,6/15,Rockies,7,Nolan Jones,1B,000 1,100 1,100 1,100 1,No,Connor Joe,Nick Gonzales,2B,RH,Back,R,Long,79.1
PIT,6/28,Braves,5,Sean Murphy,6-3,000 2,000 3,000 3,100 2,Yes,Rowdy Tellez,Oneil Cruz,SS,LH,Fore,R,Stretch,95.3
PIT,6/30,Braves,9,Adam Duvall,1B,000 1,100 1,100 1,100 1,Yes,Rowdy Tellez,Jared Triolo,3B,LH,Back,S,Long,84.2
PIT,7/5,Mets,9,Francisco Alvarez,1B,000 2,100 2,100 2,100 2,Yes,Rowdy Tellez,Jared Triolo,3B,LH,Fore,S,Short,84.2
PIT,7/14,White Sox,3,Luis Robert Jr,1B,000 1,100 1,100 1,100 1,Yes,Rowdy Tellez,Oneil Cruz,SS,LH,Back,S,Stretch,95.3
PIT,7/20,Phillies,1,Trea Turner,6-3,000 1,000 2,000 2,100 1,Yes,Connor Joe,Oneil Cruz,SS,RH,Fore,S,Stretch,95.3
PIT,7/23,Cardinals,3,Nolan Gorman,1B,000 1,100 1,100 1,100 1,No,Rowdy Tellez,Nick Gonzales,2B,LH,Fore,R,Short,79.1
PIT,7/31,Astros,8,Jeremy Pena,6-3,000 2,000 3,000 3,100 2,Yes,Rowdy Tellez,Oneil Cruz,SS,LH,Fore,S,Short,95.3
PIT,8/3,Diamondbacks,3,Gabriel Moreno,4-3,000 1,000 2,000 2,100 1,Yes,Connor Joe,Isiah Kiner-Falefa,2B,RH,Back,S,Stretch,75
PIT,8/6,Padres,4,Manny Machado,6-3,000 1,000 2,000 2,100 1,Yes,Rowdy Tellez,Isiah Kiner-Falefa,SS,LH,Back,S,Long,79.1
PIT,8/7,Padres,4,Jurickson Profar,6-3,001 2,000 3,000 3,010 2 +1,Yes,Rowdy Tellez,Isiah Kiner-Falefa,SS,LH,Back,S,Short,79.1
PIT,8/12,Padres,8,Bryce Johnson,1B,000 1,100 1,100 1,100 1,Yes,Connor Joe,Ke'Bryan Hayes,3B,RH,Back,S,Long,80.4
PIT,8/24,Reds,2,Jonathan India,5-3,000 2,000 3,000 3,100 2,Yes,Rowdy Tellez,Jared Triolo,3B,LH,Back,S,Short,84.2
PIT,8/24,Reds,7,Spencer Steer,6-3,000 0,000 1,000 1,100 0,Yes,Rowdy Tellez,Oneil Cruz,SS,LH,Back,S,Stretch,95.3
PIT,8/28,Cubs,5,Seiya Suzuki,5-3,011 2,000 3,000 3,010 2 +2,Yes,Rowdy Tellez,Jared Triolo,3B,LH,Fore,S,Long,84.2
PIT,8/30,Guardians,5,Austin Hedges,6-3,000 2,000 3,000 3,100 2,Yes,Rowdy Tellez,Isiah Kiner-Falefa,SS,LH,Fore,S,Long,79.1
PIT,8/30,Guardians,8,Lane Thomas,1B,000 1,100 1,000 2,100 1,No,Connor Joe,Isiah Kiner-Falefa,SS,RH,Fore,S,Stretch,79.1
PIT,9/9,Marlins,2,Otto Lopez,1B,100 2,110 2,110 2,011 2,Yes,Rowdy Tellez,Nick Gonzales,2B,LH,Back,S,Long,79.1
PIT,9/10,Marlins,7,Jhonny Pereda,5-3,000 0,000 1,000 1,100 0,Yes,Rowdy Tellez,Jared Triolo,3B,LH,Back,S,Stretch,84.2
PIT,9/18,Cardinals,8,Brendan Donovan,4-6 FC,100 1,100 2,100 2,010 2,Yes,Jared Triolo,Isiah Kiner-Falefa,SS,RH,Back,S,Stretch,79.1
PIT,9/24,Brewers,2,Willy Adames,1B,000 1,100 1,000 2,100 1,No,Billy Cook,Jared Triolo,3B,RH,Back,S,Stretch,84.2
PIT,9/29,Yankees,3,Jasson Dominguez,E6,000 2,100 2,000 3,100 2,No,Billy Cook,Liover Peguero,SS,RH,Back,S,Stretch,84.1
SDP,3/20,Dodgers,4,Teoscar Hernandez,E5,000 0,010 0,000 1,010 0,No,Jake Cronenworth,Tyler Wade,3B,RH,Back,R,Stretch,81.1
SDP,3/30,Giants,8,Jorge Soler,1B,000 1,100 1,100 1,100 1,Yes,Jake Cronenworth,Eguy Rosario,3B,RH,Back,R,Long,88.6
SDP,4/1,Cardinals,5,Willson Contreras,5-3,100 0,010 1,010 1,011 0,Yes,Jake Cronenworth,Graham Pauley,3B,RH,Fore,S,Short,80.9
SDP,4/1,Cardinals,7,Masyn Winn,1B,100 0,110 0,110 0,110 0,No,Jake Cronenworth,Graham Pauley,3B,RH,Fore,L,Stretch,80.9
SDP,4/2,Cardinals,4,Nolan Arenado,6-3,000 1,000 2,000 2,100 1,Yes,Jake Cronenworth,Ha-Seong Kim,SS,RH,Fore,S,Long,88
SDP,4/3,Cardinals,5,Jordan Walker,6-4-3 DP,110 1,000 3,000 3,010 2 +1,Yes,Jake Cronenworth,Xander Bogaerts,2B,RH,Back,R,Short,76.5
SDP,4/3,Cardinals,8,Paul Goldschmidt,6-4 FC E4,110 0,100 1 +1,001 2,100 1 +1,No,Jake Cronenworth,Xander Bogaerts,2B,RH,Back,S,Stretch,76.5
SDP,4/5,Giants,6,Matt Chapman,5-4,101 1,010 2,010 2,011 1 +1,Yes,Jake Cronenworth,Graham Pauley,3B,RH,Fore,L,Short,80.9
SDP,4/6,Giants,6,Nick Ahmed,1B,000 0,100 0,100 0,100 0,Yes,Jake Cronenworth,Tyler Wade,3B,RH,Back,R,Stretch,81.1
SDP,4/7,Giants,5,Patrick Baiiley,6-3,000 1,000 2,000 2,100 2,Yes,Jake Cronenworth,Ha-Seong Kim,SS,RH,Back,S,Stretch,88
SDP,4/10,Cubs,2,Dansby Swanson,6-4 FC,100 1,100 2,100 2,010 2,Yes,Jake Cronenworth,Xander Bogaerts,2B,RH,Back,S,Long,76.5
SDP,4/12,Dodgers,2,Gavin Lux,E4,100 2,110 2,110 2,011 2,Yes,Jake Cronenworth,Xander Bogaerts,2B,RH,Back,S,Stretch,76.5
SDP,4/15,Brewers,9,William Contreras,1B,110 2,111 2,000 3,111 2,No,Brett Sullivan,Xander Bogaerts,2B,RH,Back,R,Long,76.5
SDP,4/16,Brewers,9,William Contreras,5-4 FC,101 1,100 2 +1,100 2 +1,010 2 +1,Yes,Jurickson Profar,Xander Bogaerts,2B,RH,Fore,S,Stretch,76.5
SDP,4/20,Blue Jays,1,Bo Bichette,E5,010 1,101 1,010 2,101 1,No,Jake Cronenworth,Graham Pauley,3B,RH,Back,S,Stretch,80.9
SDP,4/21,Blue Jays,9,Bo Bichette,1B,000 1,100 1,100 1,100 1,Yes,Jake Cronenworth,Eguy Rosario,3B,RH,Fore,L,Long,88.6
SDP,4/24,Rockies,4,Elias Diaz,1B,110 1,111 1,111 1,011 1 +1,Yes,Jake Cronenworth,Ha-Seong Kim,SS,RH,Back,S,Long,88
SDP,4/25,Rockies,6,Brendan Rodgers,1B,000 0,100 0,100 0,100 0,Yes,Jake Cronenworth,Eguy Rosario,3B,RH,Fore,L,Long,88.6
SDP,4/26,Phillies,1,Nick Castellanos,5-3,011 2,000 3,000 3,010 2 +2,Yes,Jake Cronenworth,Manny Machado,3B,RH,Back,S,Stretch,85.6
SDP,4/26,Phillies,2,Johan Rojas,4-3,000 1,000 2,000 2,100 1,Yes,Jake Cronenworth,Xander Bogaerts,2B,RH,Fore,S,Short,76.5
SDP,4/27,Phillies,6,Bryson Stott,4-3,100 1,010 2,010 2,011 1,Yes,Jurickson Profar,Xander Bogaerts,2B,RH,Back,S,Short,76.5
SDP,5/5,Diamondbacks,7,Kevin Newman,5-3,000 2,000 3,000 3,100 2,Yes,Jake Cronenworth,Manny Machado,3B,RH,Back,S,Stretch,85.6
SDP,5/7,Cubs,6,Dansby Swanson,6-4 FC,110 1,101 2,101 2,010 2 +1,Yes,Jake Cronenworth,Xander Bogaerts,2B,RH,Back,S,Long,76.5
SDP,5/29,Marlins,3,Otto Lopez,E5,110 2,101 2 +1,000 3,101 2 +1,No,Luis Arraez,Manny Machado,3B,RH,Back,R,Stretch,85.6
SDP,6/1,Royals,7,Maikel Garcia,1B,010 2,101 2,101 2,010 2 +1,Yes,Luis Arraez,Ha-Seong Kim,SS,RH,Fore,L,Short,88
SDP,6/6,Diamondbacks,4,Kevin Newman,5-3,000 2,000 3,000 3,100 2,Yes,Luis Arraez,Tyler Wade,3B,RH,Fore,S,Long,81.1
SDP,6/7,Diamondbacks,9,Corbin Carroll,6-3,000 0,000 1,000 1,100 0,Yes,Luis Arraez,Ha-Seong Kim,SS,RH,Back,S,Short,88
SDP,6/8,Diamondbacks,8,Corbin Carroll,1B,000 0,100 0,100 0,100 0,Yes,Luis Arraez,Ha-Seong Kim,SS,RH,Back,S,Stretch,88
SDP,6/10,A's,4,Zack Gelof,1B,000 2,100 2,100 2,100 2,Yes,Luis Arraez,Donovan Solano,3B,RH,Back,S,Long,78.8
SDP,6/14,Mets,2,Tyrone Taylor,5-3,010 1,010 2,010 2,010 1 +1,Yes,Luis Arraez,Donovan Solano,3B,RH,Back,S,Short,78.8
SDP,6/14,Mets,2,Pete Alonso,5-3,000 0,000 1,000 1,100 0,Yes,Luis Arraez,Donovan Solano,3B,RH,Back,S,Short,78.8
SDP,6/16,Mets,6,Harrison Bader,5-3,000 0,000 1,000 1,100 0,Yes,Luis Arraez,Tyler Wade,3B,RH,Back,S,Short,81.1
SDP,6/17,Phillies,6,Rafael Marchan,1B,000 0,100 0,100 0,100 0,Yes,Luis Arraez,Manny Machado,3B,RH,Back,S,Long,85.6
SDP,6/18,Phillies,3,Trea Turner,1B,000 1,100 1,100 1,100 1,Yes,Donovan Solano,Tyler Wade,SS,RH,Back,S,Long,81.1
SDP,6/20,Brewers,1,Rhys Hoskins,6-4-3 DP,111 1,000 3,000 3,010 2 +2,Yes,Luis Arraez,Jake Cronenworth,2B,RH,Fore,S,Short,78.5
SDP,6/21,Brewers,5,Rhys Hoskins,1B,111 2,111 2 +1,111 2 +1,011 2 +2,Yes,Luis Arraez,Manny Machado,3B,RH,Back,R,Stretch,85.6
SDP,6/21,Brewers,6,Jackson Chourio,1B E6,010 1,101 1,010 2,101 1,Yes,Luis Arraez,Ha-Seong Kim,SS,RH,Fore,S,Stretch,88
SDP,6/21,Brewers,7,Sal Frelick,6U FC E6,110 1,100 2 +1,000 3,100 2 +1,Yes,Luis Arraez,Ha-Seong Kim,SS,RH,Back,S,Stretch,88
SDP,6/22,Brewers,9,William Contreras,5-3,000 2,000 3,000 3,100 2,Yes,Luis Arraez,Manny Machado,3B,RH,Back,S,Short,85.6
SDP,6/24,Nationals,7,Jesse Winker,1B,010 2,101 2,101 2,010 2 +1,Yes,Luis Arraez,Jake Cronenworth,2B,RH,Fore,S,Long,78.5
SDP,6/28,Red Sox,4,Wilyer Abreu,1B E5,000 0,010 0,100 0,010 0,No,Luis Arraez,Manny Machado,3B,RH,Back,R,Stretch,85.6
SDP,6/28,Red Sox,5,David Hamilton,4-6 FC,100 1,100 2,000 3,100 2,No,Luis Arraez,Ha-Seong Kim,SS,RH,Back,S,Short,88
SDP,7/3,Rangers,1,Marcus Semien,5-3,000 2,000 3,000 3,100 2,Yes,Luis Arraez,Manny Machado,3B,RH,Back,S,Stretch,85.6
SDP,7/3,Rangers,7,Marcus Semien,4-3,000 0,000 1,000 1,100 0,Yes,Luis Arraez,Jake Cronenworth,2B,RH,Back,S,Short,78.5
SDP,7/6,Diamondbacks,2,Christian Walker,1B,000 0,100 0,100 0,100 0,Yes,Luis Arraez,Ha-Seong Kim,SS,RH,Fore,S,Long,88
SDP,7/9,Mariners,8,Josh Rojas,1B,000 0,100 0,100 0,100 0,Yes,Luis Arraez,Ha-Seong Kim,SS,RH,Back,S,Short,88
SDP,7/13,Braves,8,Jarred Kelenic,6-3,000 1,000 2,000 2,100 1,Yes,Luis Arraez,Ha-Seong Kim,SS,RH,Back,S,Long,88
SDP,8/3,Rockies,9,Brenton Doyle,5-3,000 0,000 1,000 1,100 0,Yes,Jake Cronenworth,Manny Machado,3B,RH,Fore,L,Long,85.6
SDP,8/7,Pirates,2,Jared Triolo,E5,000 0,001 0,000 1,001 0,No,Donovan Solano,Manny Machado,3B,RH,Back,S,Short,85.6
SDP,8/12,Pirates,5,Andrew McCutchen,5-3,000 2,000 3,000 3,100 2,Yes,Jake Cronenworth,Donovan Solano,3B,RH,Fore,S,Long,78.8
SDP,8/14,Pirates,3,Jared Triolo,1B,000 0,100 0,100 0,100 0,Yes,Luis Arraez,Xander Bogaerts,2B,RH,Back,S,Long,76.5
SDP,8/17,Rockies,8,Brendan Rodgers,1B,000 2,100 2,000 3,100 2,No,Jake Cronenworth,Donovan Solano,3B,RH,Back,S,Stretch,78.8
SDP,8/20,Twins,1,Carlos Santana,5-3,000 2,000 3,000 3,100 2,Yes,Jake Cronenworth,Manny Machado,3B,RH,Fore,S,Stretch,85.6
SDP,8/21,Twins,1,Willi Castro,1B,000 0,100 0,100 0,100 0,Yes,Luis Arraez,Tyler Wade,SS,RH,Fore,S,Long,81.1
SDP,8/23,Mets,4,JD Martinez,4-3,000 2,000 3,000 3,100 2,Yes,Jake Cronenworth,Xander Bogaerts,2B,RH,Back,S,Short,76.5
SDP,8/27,Cardinals,9,Nolan Arenado,5-3,000 2,000 3,000 3,100 2,Yes,Luis Arraez,Manny Machado,3B,RH,Back,S,Long,85.6
SDP,8/28,Cardinals,7,Tommy Pham,4-3,000 0,000 1,000 1,100 0,Yes,Jake Cronenworth,Xander Bogaerts,2B,RH,Back,S,Short,76.5
SDP,9/10,Mariners,2,Jorge Polanco,4-6-3 DP,100 0,000 2,000 2,010 1,Yes,Donovan Solano,Xander Bogaerts,SS,RH,Back,S,Short,78.5
SDP,9/10,Mariners,5,Julio Rodriguez,5-3,001 2,000 3,000 3,010 2 +1,Yes,Donovan Solano,Manny Machado,3B,RH,Back,S,Short,85.6
SDP,9/16,Astros,8,Alex Bregman,5U FC E5,110 1,101 2,000 3,101 2,No,Donovan Solano,Manny Machado,3B,RH,Fore,S,Stretch,85.6
SDP,9/17,Astros,6,Yainer Diaz,6-3,000 1,000 2,000 2,100 1,Yes,Donovan Solano,Xander Bogaerts,SS,RH,Back,S,Short,78.5
SDP,9/20,White Sox,1,Luis Robert Jr,E6,000 2,100 2,100 2,100 2,Yes,Donovan Solano,Xander Bogaerts,SS,RH,Back,S,Short,78.5
SDP,9/21,White Sox,1,Miguel Vargas,5-3,000 0,000 1,000 1,100 0,Yes,Luis Arraez,Manny Machado,3B,RH,Back,S,Short,85.6
SDP,9/22,White Sox,9,Andrew Vaughn,1B,000 2,100 2,000 3,100 2,No,Jake Cronenworth,Xander Bogaerts,SS,RH,Back,S,Stretch,78.5
SDP,9/25,Dodgers,7,Teoscar Hernandez,6-3,010 0,010 1,010 1,101 0,Yes,Donovan Solano,Xander Bogaerts,SS,RH,Back,R,Long,78.5
SDP,9/28,Diamondbacks,5,Gabriel Moreno,4-3,000 1,000 2,000 2,100 1,Yes,Donovan Solano,Nick Ahmed,2B,RH,Fore,S,Stretch,78.8
SDP,9/29,Diamondbacks,4,Lourdes Gurriel Jr,6-3,010 2,000 3,000 3,010 2 +1,Yes,Luis Arraez,Nick Ahmed,SS,RH,Back,S,Stretch,78.8
SDP,9/29,Diamondbacks,6,Ketel Marte,6-4 FC,100 0,100 1,100 1,010 1,Yes,Donovan Solano,Jake Cronenworth,2B,RH,Back,R,Short,78.5
SEA,3/29,Red Sox,8,Trevor Story,5-3,101 2,000 3,000 3,011 2 +1,Yes,Ty France,Luis Urias,3B,RH,Fore,S,Stretch,81.1
SEA,3/30,Red Sox,5,Connor Wong,1B,000 2,100 2,100 2,100 2,Yes,Ty France,Josh Rojas,3B,RH,Back,S,Stretch,86
SEA,4/2,Guardians,5,Tyler Freeman,5-3 DP,111 1,000 3,000 3,011 2 +1,Yes,Ty France,Josh Rojas,3B,RH,Back,S,Stretch,86
SEA,4/6,Brewers,3,Jackson Chourio,6-3,000 1,000 2,000 2,100 1,Yes,Dylan Moore,JP Crawford,SS,RH,Back,S,Short,83.2
SEA,4/8,Blue Jays,3,George Springer,5-3,000 0,000 1,000 1,100 0,Yes,Ty France,Josh Rojas,3B,RH,Back,S,Long,86
SEA,4/15,Reds,7,Elly De La Cruz,6-3,000 0,000 1,000 1,100 0,Yes,Ty France,JP Crawford,SS,RH,Fore,S,Short,83.2
SEA,4/15,Reds,8,Christian Encarnacion-Strand,4-3,010 2,000 3,000 3,010 2 +1,Yes,Ty France,Jorge Polanco,2B,RH,Back,S,Long,75.6
SEA,4/21,Rockies,4,Jake Cave,6-3,001 2,000 3,000 3,010 2 +1,Yes,Ty France,JP Crawford,SS,RH,Back,S,Stretch,83.2
SEA,4/21,Rockies,9,Jake Cave,6-3 DP,100 0,000 2,000 2,010 1,Yes,Ty France,JP Crawford,SS,RH,Fore,S,Long,83.2
SEA,4/21,Rockies,10,Charlie Blackmon,1B,010 0,101 0,101 0,010 0 +1,Yes,Ty France,Jorge Polanco,2B,RH,Back,S,Stretch,75.6
SEA,4/23,Rangers,4,Adolis Garcia,5-3,000 0,000 1,000 1,100 0,Yes,Ty France,Josh Rojas,3B,RH,Back,S,Long,86
SEA,4/25,Rangers,3,Adolis Garcia,5-4-3 DP,110 1,000 3,000 3,010 2 +1,Yes,Ty France,Jorge Polanco,2B,RH,Back,R,Short,75.6
SEA,4/25,Rangers,8,Nate Lowe,5-3,000 0,000 1,000 1,100 0,Yes,Ty France,Luis Urias,3B,RH,Back,R,Stretch,81.1
SEA,4/26,Diamondbacks,7,Lourdes Gurriel Jr,5-3,000 0,000 1,000 1,100 0,Yes,Ty France,Josh Rojas,3B,RH,Back,R,Long,86
SEA,4/28,Diamondbacks,5,Eugenio Suarez,6-3,000 0,000 1,000 1,100 0,Yes,Ty France,Leo Rivas,SS,RH,Back,S,Long,82.9
SEA,5/3,Astros,7,Jose Altuve,1B,001 2,100 2 +1,100 2 +1,010 2 +1,Yes,Ty France,Josh Rojas,3B,RH,Back,S,Stretch,86
SEA,5/4,Astros,3,Jose Altuve,5-3,000 1,000 2,000 2,100 1,Yes,Ty France,Luis Urias,3B,RH,Back,S,Short,81.1
SEA,5/5,Astros,1,Jose Altuve,1B,000 0,100 0,000 1,100 0,No,Ty France,Luis Urias,3B,RH,Fore,S,Stretch,81.1
SEA,5/5,Astros,7,Jeremy Pena,1B,000 0,100 0,100 0,100 0,Yes,Ty France,Luis Urias,3B,RH,Fore,S,Long,81.1
SEA,5/9,Twins,7,Manuel Margot,E5,001 1,010 1 +1,000 2 +1,010 1 +1,No,Luke Raley,Luis Urias,3B,RH,Fore,S,Stretch,81.1
SEA,5/10,A's,5,Max Schuemann,6-3,000 1,000 2,000 2,100 1,Yes,Ty France,Dylan Moore,SS,RH,Back,R,Short,77.4
SEA,5/12,A's,6,Tyler Nevin,6-3,000 0,000 1,000 1,100 0,Yes,Ty France,Dylan Moore,SS,RH,Fore,L,Stretch,77.4
SEA,5/13,Royals,5,Dairon Blanco,1B,000 1,100 1,100 1,100 1,Yes,Ty France,Josh Rojas,3B,RH,Back,R,Long,86
SEA,5/13,Royals,7,Dairon Blanco,4-3,101 2,000 3,000 3,011 2 +1,Yes,Ty France,Josh Rojas,2B,RH,Back,R,Short,85.8
SEA,5/19,Orioles,1,Colton Cowser,1B,001 2,100 2 +1,100 2 +1,010 2 +1,Yes,Luke Raley,Josh Rojas,2B,RH,Fore,S,Stretch,85.8
SEA,5/20,Yankees,3,Aaron Judge,E5,000 2,100 2,000 3,100 2,No,Ty France,Luis Urias,3B,RH,Fore,L,Stretch,81.1
SEA,5/20,Yankees,7,Anthony Volpe,1B,000 0,100 0,100 0,100 0,Yes,Ty France,Dylan Moore,SS,RH,Back,S,Stretch,77.4
SEA,5/21,Yankees,3,Anthony Volpe,6-3,000 2,000 3,000 3,100 2,Yes,Ty France,JP Crawford,SS,RH,Back,S,Long,83.2
SEA,5/23,Yankees,8,Anthony Volpe,6-3,000 1,000 2,000 2,100 1,Yes,Ty France,JP Crawford,SS,RH,Back,S,Short,83.2
SEA,5/27,Astros,6,Alex Bregman,6-4 FC E4,100 0,010 1,000 2,010 1,No,Ty France,Ryan Bliss,2B,RH,Back,S,Stretch,77.2
SEA,5/30,Astros,7,Mauricio Dubon,6-4-3,000 0,000 1,000 1,100 0,Yes,Ty France,Dylan Moore,2B,RH,Back,S,Stretch,73.7
SEA,6/2,Angels,5,Zach Neto,5-4,000 0,000 1,000 1,100 0,Yes,Ty France,Josh Rojas,3B,RH,Fore,S,Long,86
SEA,6/6,A's,4,Brent Rooker,6-3,000 1,000 2,000 2,100 1,Yes,Ty France,JP Crawford,SS,RH,Fore,S,Long,83.2
SEA,6/7,Royals,5,Maikel Garcia,4-3,000 1,000 2,000 2,100 1,Yes,Ty France,Ryan Bliss,2B,RH,Back,R,Short,77.2
SEA,6/9,Royals,4,Vinnie Pasquantino,4-3,000 0,000 1,000 1,100 0,Yes,Tyler Locklear,Ryan Bliss,2B,RH,Back,S,Long,77.2
SEA,6/9,Royals,10,Maikel Garcia,6-4 FC,100 0,100 1,100 1,010 1,Yes,Tyler Locklear,Ryan Bliss,2B,RH,Fore,S,Short,77.2
SEA,6/10,White Sox,2,Lenyn Sosa,1B,100 2,110 2,110 2,110 2,No,Tyler Locklear,Ryan Bliss,2B,RH,Back,R,Stretch,77.2
SEA,6/11,White Sox,1,Lenyn Sosa,4-3,000 1,000 2,000 2,100 1,Yes,Luke Raley,Ryan Bliss,2B,RH,Back,S,Stretch,77.2
SEA,6/11,White Sox,6,Martin Maldonado,6-4-3 DP,110 1,000 3,000 3,010 2 +1,Yes,Luke Raley,Ryan Bliss,2B,RH,Back,S,Stretch,77.2
SEA,6/13,White Sox,5,Nicky Lopez,4-3,000 1,000 2,000 2,100 1,Yes,Tyler Locklear,Ryan Bliss,2B,RH,Fore,L,Stretch,77.2
SEA,6/13,White Sox,5,Danny Mendick,6-3,000 0,000 1,000 1,100 0,Yes,Tyler Locklear,JP Crawford,SS,RH,Back,S,Long,83.2
SEA,6/13,White Sox,8,Luis Robert Jr,6-3,000 0,000 1,000 1,100 0,Yes,Tyler Locklear,JP Crawford,SS,RH,Back,S,Long,83.2
SEA,6/22,Marlins,2,Otto Lopez,6-3,000 2,000 3,000 3,100 2,Yes,Ty France,JP Crawford,SS,RH,Fore,S,Long,83.2
SEA,6/22,Marlins,7,Bryan De La Cruz,E5,000 0,010 0,000 1,010 0,No,Ty France,Josh Rojas,3B,RH,Back,S,Stretch,86
SEA,6/26,Rays,8,Yandy Diaz,4-3,100 2,000 3,000 3,011 2,Yes,Ty France,Ryan Bliss,2B,RH,Back,R,Stretch,77.2
SEA,6/29,Twins,9,Ryan Jeffers,6-3,000 0,000 1,000 1,100 0,Yes,Ty France,JP Crawford,SS,RH,Back,S,Long,83.2
SEA,7/9,Padres,2,Donovan Solano,1B,000 1,100 1,100 1,100 1,Yes,Ty France,Josh Rojas,3B,RH,Back,S,Long,86
SEA,7/9,Padres,5,Donovan Solano,5-3,000 1,000 2,000 2,100 1,Yes,Ty France,Josh Rojas,3B,RH,Back,S,Stretch,86
SEA,7/11,Angels,8,Jo Adell,5-3,000 1,000 2,000 2,100 1,Yes,Ty France,Josh Rojas,3B,RH,Back,S,Stretch,86
SEA,7/13,Angels,2,Anthony Rendon,6-3,001 2,000 3,000 3,010 2 +1,Yes,Ty France,JP Crawford,SS,RH,Fore,S,Long,83.2
SEA,7/14,Angels,4,Taylor Ward,6-3,000 1,000 2,000 2,100 1,Yes,Luke Raley,JP Crawford,SS,RH,Fore,S,Long,83.2
SEA,7/21,Astros,1,Alex Bregman,4-3,000 1,000 2,000 2,100 1,Yes,Luke Raley,Jorge Polanco,2B,RH,Fore,S,Long,75.6
SEA,7/23,Angels,5,Brandon Drury,E5,110 0,111 0,011 1,111 0,No,Tyler Locklear,Josh Rojas,3B,RH,Back,S,Stretch,86
SEA,7/27,White Sox,2,Andrew Benintendi,1B,000 1,100 1,100 1,100 1,Yes,Tyler Locklear,Jorge Polanco,2B,RH,Back,S,Short,75.6
SEA,7/27,White Sox,3,Luis Robert Jr,E5,000 0,100 0,000 1,100 0,No,Tyler Locklear,Josh Rojas,3B,RH,Back,S,Stretch,86
SEA,8/3,Phillies,2,JT Realmuto,6-3,000 0,000 1,000 1,100 0,Yes,Justin Turner,Dylan Moore,SS,RH,Back,S,Long,77.3
SEA,8/6,Tigers,3,Javier Baez,4-3,000 1,000 2,000 2,100 1,Yes,Luke Raley,Jorge Polanco,2B,RH,Back,R,Stretch,75.6
SEA,8/6,Tigers,3,Matt Vierling,1B,000 2,100 2,100 2,100 2,Yes,Luke Raley,Jorge Polanco,2B,RH,Back,S,Stretch,75.6
SEA,8/6,Tigers,7,Wenceel Perez,4-3,001 2,000 3,000 3,010 2 +1,Yes,Luke Raley,Jorge Polanco,2B,RH,Back,S,Long,75.6
SEA,8/13,Tigers,4,Matt Vierling,E6,000 1,100 1,000 2,100 1,No,Justin Turner,Leo Rivas,SS,RH,Fore,S,Stretch,82.9
SEA,8/14,Tigers,7,Bligh Madris,1B,000 1,100 1,100 1,100 1,Yes,Luke Raley,Josh Rojas,3B,RH,Back,S,Stretch,86
SEA,8/15,Tigers,3,Justyn Henry-Malloy,5-3,100 2,000 3,000 3,011 2,Yes,Luke Raley,Josh Rojas,3B,RH,Fore,S,Long,86
SEA,8/16,Pirates,4,Bryan De La Cruz,6-3,001 2,000 3,000 3,010 2 +1,Yes,Luke Raley,Leo Rivas,SS,RH,Back,S,Long,82.9
SEA,8/17,Pirates,7,Isiah Kiner-Falefa,1B,000 1,100 1,100 1,100 1,Yes,Justin Turner,Jorge Polanco,2B,RH,Back,S,Long,75.6
SEA,8/24,Giants,7,Thairo Estrada,5-3,000 2,000 3,000 3,100 2,Yes,Justin Turner,Dylan Moore,3B,RH,Back,S,Short,77.3
SEA,8/25,Giants,1,Tyler Fitzgerald,E5,000 0,100 0,000 1,100 0,No,Justin Turner,Josh Rojas,3B,RH,Fore,S,Long,86
SEA,8/25,Giants,4,Heliot Ramos,1B,000 0,100 0,100 0,100 0,No,Justin Turner,Leo Rivas,SS,RH,Fore,S,Stretch,82.9
SEA,8/26,Rays,4,Junior Caminero,6-3,000 1,000 2,000 2,100 1,Yes,Luke Raley,Leo Rivas,SS,RH,Back,S,Long,82.9
SEA,9/4,A's,6,Brent Rooker,1B,000 1,100 1,100 1,100 1,Yes,Justin Turner,JP Crawford,SS,RH,Back,S,Long,83.2
SEA,9/5,A's,8,Zack Gelof,1B,000 1,100 1,100 1,100 1,Yes,Luke Raley,Leo Rivas,SS,RH,Back,R,Long,82.9
SEA,9/20,Rangers,3,Jonathan Ornelas,6-3,000 1,000 2,000 2,100 1,Yes,Luke Raley,JP Crawford,SS,RH,Fore,L,Long,83.2
SFG,3/31,Padres,2,Jackson Merrill,1B,000 0,100 0,100 0,100 0,Yes,LaMonte Wade Jr,Thairo Estrada,2B,LH,Back,S,Stretch,75.9
SFG,4/2,Dodgers,7,Freddie Freeman,1B,000 0,100 0,100 0,100 0,No,Wilmer Flores,Matt Chapman,3B,RH,Fore,S,Long,87.7
SFG,4/5,Padres,4,Manny Machado,6-3,000 0,000 1,000 1,100 0,Yes,LaMonte Wade Jr,Nick Ahmed,SS,LH,Back,S,Long,78.8
SFG,4/6,Padres,5,Xander Bogaerts,6-3,000 2,000 3,000 3,100 2,Yes,LaMonte Wade Jr,Nick Ahmed,SS,LH,Back,S,Short,78.8
SFG,4/12,Rays,4,Randy Arozarena,6-3,010 2,000 3,000 3,010 2 +1,Yes,LaMonte Wade Jr,Nick Ahmed,SS,LH,Back,S,Short,78.8
SFG,4/14,Rays,1,Harold Ramirez,6-3,010 0,001 1,001 1,010 0 +1,Yes,Wilmer Flores,Tyler Fitzgerald,SS,RH,Back,S,Stretch,81.6
SFG,4/14,Rays,3,Harold Ramirez,1B,000 1,100 1,100 1,100 1,Yes,Wilmer Flores,Matt Chapman,3B,RH,Fore,S,Stretch,87.7
SFG,4/15,Marlins,7,Otto Lopez,E6,000 0,100 0,000 1,100 0,No,Wilmer Flores,Nick Ahmed,SS,RH,Fore,L,Long,78.8
SFG,4/22,Mets,9,Pete Alonso,5-3,010 1,001 2,001 2,010 1 +1,Yes,Wilmer Flores,Matt Chapman,3B,RH,Back,S,Short,87.7
SFG,5/1,Red Sox,7,Dom Smith,5-3,010 2,000 3,000 3,010 2 +1,Yes,LaMonte Wade Jr,Matt Chapman,3B,LH,Fore,S,Stretch,87.7
SFG,5/3,Phillies,1,Trea Turner,1B,000 1,100 1,100 1,100 1,Yes,LaMonte Wade Jr,Nick Ahmed,SS,LH,Fore,R,Long,78.8
SFG,5/4,Phillies,6,JT Realmuto,6U FC,100 1,100 2,100 2,010 2,Yes,Wilmer Flores,Nick Ahmed,SS,RH,Back,R,Long,78.8
SFG,5/4,Phillies,7,Edmundo Sosa,5-3,110 1,011 2,011 2,011 1 +1,Yes,Wilmer Flores,Matt Chapman,3B,RH,Back,R,Stretch,87.7
SFG,5/5,Phillies,6,JT Realmuto,1B,000 2,100 2,100 2,100 2,Yes,LaMonte Wade Jr,Matt Chapman,3B,LH,Fore,S,Long,87.7
SFG,5/9,Rockies,5,Elias Diaz,1B,000 0,100 0,100 0,100 0,Yes,LaMonte Wade Jr,Tyler Fitzgerald,SS,LH,Back,R,Long,81.6
SFG,5/10,Reds,2,Jonathan India,5-3 DP,110 1,000 3,000 3,011 2,Yes,Wilmer Flores,Matt Chapman,3B,RH,Fore,S,Stretch,87.7
SFG,5/10,Reds,7,Elly De La Cruz,5-6-3 DP,100 1,000 3,000 3,010 2,Yes,Wilmer Flores,Casey Schmitt,SS,RH,Back,S,Short,89.7
SFG,5/12,Reds,6,Luke Maile,5-3,100 2,000 3,000 3,011 2,Yes,LaMonte Wade Jr,Matt Chapman,3B,LH,Back,S,Short,87.7
SFG,5/18,Rockies,6,Brenton Doyle,1B,000 0,100 0,000 1,100 0,No,Wilmer Flores,Thairo Estrada,2B,RH,Back,R,Stretch,75.9
SFG,5/24,Mets,1,Mark Vientos,5-3,010 2,000 3,000 3,010 2 +1,Yes,LaMonte Wade Jr,Matt Chapman,3B,LH,Fore,R,Short,87.7
SFG,5/24,Mets,9,Mark Vientos,5-3,111 2,000 3,000 3,011 2 +2,Yes,LaMonte Wade Jr,Matt Chapman,3B,LH,Back,S,Stretch,87.7
SFG,5/24,Mets,9,Brett Baty,4-3,010 0,001 1,001 1,010 0 +1,Yes,LaMonte Wade Jr,Thairo Estrada,2B,LH,Back,L,Short,75.9
SFG,5/29,Phillies,5,Garrett Stubbs,1B,000 2,100 2,100 2,100 2,Yes,Wilmer Flores,Brett Wisely,SS,RH,Fore,S,Long,84.6
SFG,5/31,Yankees,6,Gleyber Torres,1B,000 1,100 1,000 2,100 1,No,Trenton Brooks,Brett Wisely,SS,LH,Back,L,Stretch,84.6
SFG,6/1,Yankees,2,Gleyber Torres,5-3,000 1,000 2,000 2,100 1,Yes,Wilmer Flores,Matt Chapman,3B,RH,Back,S,Stretch,87.7
SFG,6/14,Angels,3,Jo Adell,1B,010 1,110 1,110 1,011 1,Yes,Wilmer Flores,Nick Ahmed,SS,RH,Back,S,Short,78.8
SFG,6/14,Angels,6,Zach Neto,6-3,000 2,000 3,000 3,100 2,Yes,Wilmer Flores,Nick Ahmed,SS,RH,Back,S,Stretch,78.8
SFG,6/17,Cubs,6,Nico Hoerner,1B,000 2,100 2,100 2,100 2,Yes,Trenton Brooks,Brett Wisely,SS,LH,Fore,S,Long,84.6
SFG,6/17,Cubs,8,Dansby Swanson,6-3,000 1,000 2,000 2,100 1,Yes,Trenton Brooks,Brett Wisely,SS,LH,Back,S,Long,84.6
SFG,6/26,Cubs,1,Nico Hoerner,5-3,000 0,000 1,000 1,100 0,Yes,David Villar,Matt Chapman,3B,RH,Back,S,Stretch,87.7
SFG,6/26,Cubs,9,Nico Hoerner,6-3,010 2,000 3,000 3,010 2 +1,Yes,David Villar,Brett Wisely,SS,RH,Back,S,Short,84.6
SFG,6/28,Dodgers,3,Shohei Ohtani,6-3,000 1,000 2,000 2,100 1,Yes,LaMonte Wade Jr,Nick Ahmed,SS,LH,Fore,S,Stretch,78.8
SFG,6/29,Dodgers,4,Will Smith,1B,111 2,111 2 +1,111 2 +1,011 2 +2,Yes,LaMonte Wade Jr,Nick Ahmed,SS,LH,Back,S,Short,78.8
SFG,7/7,Guardians,6,Tyler Freeman,1B,100 2,110 2,110 2,011 2,Yes,LaMonte Wade Jr,Matt Chapman,3B,LH,Back,S,Short,87.7
SFG,7/9,Blue Jays,3,Bo Bichette,6-3,000 2,000 3,000 3,100 2,Yes,Wilmer Flores,Tyler Fitzgerald,SS,RH,Back,S,Short,81.6
SFG,7/9,Blue Jays,5,Ernie Clement,E6,000 0,100 0,000 1,100 0,No,Wilmer Flores,Tyler Fitzgerald,SS,RH,Back,S,Short,81.6
SFG,7/13,Twins,9,Ryan Jeffers,4-6-3 DP,111 0,001 2 +1,001 2 +1,010 1 +2,Yes,Wilmer Flores,Brett Wisely,SS,RH,Back,S,Short,84.6
SFG,7/19,Rockies,7,Ezequiel Tovar,1B E5,001 2,010 2 +1,000 3,010 2 +1,No,LaMonte Wade Jr,Matt Chapman,3B,LH,Back,S,Long,87.7
SFG,8/11,Tigers,5,Justyn Henry-Malloy,5-3,100 2,000 3,000 3,011 2,Yes,LaMonte Wade Jr,Matt Chapman,3B,LH,Fore,S,Stretch,87.7
SFG,8/13,Braves,4,Jorge Soler,5-3,100 2,000 3,000 3,011 2,Yes,LaMonte Wade Jr,Matt Chapman,3B,LH,Back,S,Stretch,87.7
SFG,8/17,A's,5,Brent Rooker,4-3,110 2,000 3,000 3,011 2 +1,Yes,LaMonte Wade Jr,Brett Wisely,2B,LH,Back,L,Long,82.3
SFG,8/27,Brewers,3,Joey Ortiz,6-3,000 0,000 1,000 1,100 0,Yes,LaMonte Wade Jr,Tyler Fitzgerald,SS,LH,Fore,S,Long,81.6
SFG,8/28,Brewers,2,Gary Sanchez,6-3,000 0,000 1,000 1,100 0,Yes,LaMonte Wade Jr,Tyler Fitzgerald,SS,LH,Back,S,Long,81.6
SFG,9/7,Padres,5,Xander Bogaerts,5-3,111 2,000 3,000 3,011 2 +2,Yes,Mark Canha,Casey Schmitt,3B,RH,Back,S,Stretch,89.7
SFG,9/7,Padres,5,Manny Machado,1B,110 2,111 2,111 2,011 2 +1,Yes,Mark Canha,Tyler Fitzgerald,SS,RH,Back,S,Long,81.6
SFG,9/14,Padres,2,Luis Arraez,6-3,110 2,000 3,000 3,011 2 +1,Yes,LaMonte Wade Jr,Brett Wisely,SS,LH,Back,S,Long,84.6
SFG,9/14,Padres,9,Fernando Tatis Jr,1B,100 2,110 2,000 3,110 2,No,LaMonte Wade Jr,Brett Wisely,SS,LH,Back,R,Stretch,84.6
SFG,9/20,Royals,7,Hunter Renfroe,5-3,100 2,000 3,000 3,011 2,Yes,Mark Canha,Casey Schmitt,3B,RH,Back,S,Short,89.7
SFG,9/28,Cardinals,6,Masyn Winn,5-3,100 2,000 3,000 3,011 2,Yes,LaMonte Wade Jr,Matt Chapman,3B,LH,Back,S,Short,87.7
STL,4/1,Padres,3,Fernando Tatis Jr,6-3,100 2,000 3,000 3,011 2,Yes,Paul Goldschmidt,Masyn Winn,SS,RH,Back,S,Stretch,92.7
STL,4/4,Marlins,6,Christian Bethancourt,6-3,010 1,001 2,001 2,010 1 +1,Yes,Paul Goldschmidt,Masyn Winn,SS,RH,Fore,S,Short,92.7
STL,4/7,Marlins,4,Christian Bethancourt,4-3,000 0,000 1,000 1,100 0,Yes,Paul Goldschmidt,Nolan Gorman,2B,RH,Back,R,Short,78.4
STL,4/8,Phillies,9,Johan Rojas,1B,010 2,101 2,101 2,010 2 +1,Yes,Paul Goldschmidt,Masyn Winn,SS,RH,Back,S,Long,92.7
STL,4/13,Diamondbacks,4,Christian Walker,5-3,000 0,000 1,000 1,100 0,Yes,Paul Goldschmidt,Nolan Arenado,3B,RH,Fore,S,Long,84.2
STL,4/14,Diamondbacks,6,Jake McCarthy,1B,010 2,101 2,101 2,010 2 +1,Yes,Paul Goldschmidt,Nolan Gorman,2B,RH,Fore,S,Short,78.4
STL,4/16,A's,2,Tyler Nevin,1B E6,000 1,010 1,000 2,010 1,No,Paul Goldschmidt,Masyn Winn,SS,RH,Back,R,Stretch,92.7
STL,4/20,Brewers,7,Sal Frelick,E6,010 2,100 2 +1,000 3,100 2 +1,No,Paul Goldschmidt,Masyn Winn,SS,RH,Fore,S,Short,92.7
STL,4/30,Tigers,3,Jake Rogers,6-3,010 2,000 3,000 3,010 2 +1,Yes,Paul Goldschmidt,Brandon Crawford,SS,RH,Back,R,Long,85
STL,5/3,White Sox,7,Andrew Vaughn,5-3,000 0,000 1,000 1,100 0,Yes,Paul Goldschmidt,Nolan Arenado,3B,RH,Back,S,Short,84.2
STL,5/3,White Sox,8,Martin Maldonado,6-3,000 0,000 1,000 1,100 0,Yes,Paul Goldschmidt,Masyn Winn,SS,RH,Back,S,Stretch,92.7
STL,5/9,Brewers,8,Gary Sanchez,4-3,000 0,000 1,000 1,100 0,Yes,Alec Burleson,Nolan Gorman,2B,LH,Back,S,Short,78.4
STL,5/13,Angels,3,Kyren Paris,1B E5,010 0,100 0 +1,001 1,100 0 +1,No,Paul Goldschmidt,Nolan Arenado,3B,RH,Fore,L,Short,84.2
STL,5/19,Red Sox,4,Garrett Cooper,1B,000 0,100 0,100 0,100 0,Yes,Paul Goldschmidt,Nolan Arenado,3B,RH,Back,S,Stretch,84.2
STL,5/29,Reds,5,Will Benson,5-6-3 DP,100 1,000 3,000 3,010 2,Yes,Paul Goldschmidt,Masyn Winn,SS,RH,Back,R,Short,92.7
STL,5/31,Phillies,4,Nick Castellanos,6-3,000 1,000 2,000 2,100 1,Yes,Paul Goldschmidt,Brandon Crawford,SS,RH,Back,R,Short,85
STL,6/1,Phillies,7,JT Realmuto,E5,000 2,010 2,000 3,010 2,No,Paul Goldschmidt,Nolan Arenado,3B,RH,Fore,S,Stretch,84.2
STL,6/14,Cubs,7,Nico Hoerner,4-3,000 2,000 3,000 3,100 2,Yes,Paul Goldschmidt,Nolan Gorman,2B,RH,Fore,S,Stretch,78.4
STL,6/17,Marlins,12,Otto Lopez,5-3,000 2,000 3,000 3,100 2,Yes,Paul Goldschmidt,Nolan Arenado,3B,RH,Fore,S,Stretch,84.2
STL,6/18,Marlins,10,Tim Anderson,1B,101 1,110 1 +1,110 1 +1,011 1 +1,Yes,Paul Goldschmidt,Brendan Donovan,3B,RH,Back,R,Stretch,85.3
STL,6/20,Giants,3,Patrick Baiiley,1B,000 1,100 1,000 2,100 1,No,Paul Goldschmidt,Nolan Gorman,2B,RH,Fore,S,Long,78.4
STL,6/26,Braves,9,Travis d'Arnaud,5-4 FC,110 1,101 2,101 2,010 2 +1,Yes,Paul Goldschmidt,Nolan Gorman,2B,RH,Back,R,Short,78.4
STL,6/28,Reds,7,Stuart Fairchild,6-3,000 0,000 1,000 1,100 0,Yes,Paul Goldschmidt,Brandon Crawford,SS,RH,Back,S,Short,85
STL,7/10,Royals,3,Adam Frazier,4-3,000 2,000 3,000 3,100 2,Yes,Paul Goldschmidt,Nolan Gorman,2B,RH,Fore,S,Long,78.4
STL,7/13,Cubs,1,Michael Busch,5-3 DP,100 0,000 2,000 2,010 1,Yes,Alec Burleson,Nolan Arenado,3B,LH,Back,S,Short,84.2
STL,7/21,Braves,8,Orlando Arcia,6-3,000 0,000 1,000 1,100 0,Yes,Paul Goldschmidt,Masyn Winn,SS,RH,Back,S,Short,92.7
STL,8/5,Mets,9,Francisco Lindor,5-3,011 2,000 3,000 3,010 2 +2,Yes,Paul Goldschmidt,Nolan Arenado,3B,RH,Back,S,Short,84.2
STL,8/7,Rays,4,Jose Caballero,1B,000 1,100 1,100 1,100 1,No,Alec Burleson,Masyn Winn,SS,LH,Fore,S,Long,92.7
STL,8/8,Rays,7,Jose Siri,5-3,000 2,000 3,000 3,100 2,Yes,Paul Goldschmidt,Nolan Arenado,3B,RH,Back,S,Short,84.2
STL,8/9,Royals,6,MJ Melendez,5-3,000 0,000 1,000 1,100 0,Yes,Paul Goldschmidt,Nolan Arenado,3B,RH,Fore,S,Short,84.2
STL,8/10,Royals,1,Maikel Garcia,6-3,000 0,000 1,000 1,100 0,Yes,Paul Goldschmidt,Brandon Crawford,SS,RH,Fore,S,Stretch,85
STL,8/14,Reds,4,Jeimer Candelario,E4,010 2,101 2,000 3,101 2,No,Paul Goldschmidt,Brendan Donovan,2B,RH,Back,S,Short,77.6
STL,8/22,Brewers,4,Rhys Hoskins,E5,100 2,110 2,000 3,110 2,No,Alec Burleson,Nolan Arenado,3B,LH,Back,S,Stretch,84.2
STL,8/26,Padres,6,Jurickson Profar,4-3,000 2,000 3,000 3,100 2,Yes,Paul Goldschmidt,Brendan Donovan,2B,RH,Back,S,Short,77.6
STL,9/11,Reds,8,Jonathan India,6-3,000 0,000 1,000 1,100 0,Yes,Paul Goldschmidt,Masyn Winn,SS,RH,Back,S,Short,92.7
STL,9/20,Guardians,5,Lane Thomas,6-3,000 2,000 3,000 3,100 2,Yes,Paul Goldschmidt,Thomas Saggese,SS,RH,Fore,L,Short,78.4
STL,9/21,Guardians,3,Kyle Manzardo,4-3,100 2,000 3,000 3,011 2,Yes,Paul Goldschmidt,Thomas Saggese,2B,RH,Fore,S,Long,78.4
STL,9/26,Rockies,6,Hunter Goodman,1B,000 0,100 0,000 1,100 0,No,Paul Goldschmidt,Jose Fermin,3B,RH,Fore,S,Stretch,77.9
TBR,3/28,Blue Jays,8,Bo Bichette,1B,000 2,100 2,100 2,100 2,Yes,Yandy Diaz,Brandon Lowe,2B,RH,Back,S,Long,78
TBR,3/31,Blue Jays,7,Ernie Clement,4-6 FC E6,110 1,010 2 +1,000 3,010 2 +1,No,Yandy Diaz,Jose Caballero,SS,RH,Back,R,Stretch,83.3
TBR,4/1,Rangers,4,Jared Walsh,5-3-1 DP,100 1,000 3,000 3,011 1,Yes,Austin Shenton,Curtis Mead,3B,RH,Back,S,Short,80.6
TBR,4/2,Rangers,8,Evan Carter,6-3,000 2,000 3,000 3,100 2,Yes,Yandy Diaz,Jose Caballero,SS,RH,Back,S,Short,83.3
TBR,4/7,Rockies,8,Kris Bryant,6-4-3 DP,111 1,000 3,000 3,010 2 +2,Yes,Austin Shenton,Brandon Lowe,2B,RH,Back,S,Stretch,78
TBR,4/8,Angels,7,Mike Trout,6-3,000 0,000 1,000 1,100 0,Yes,Yandy Diaz,Jose Caballero,SS,RH,Back,S,Short,83.3
TBR,4/9,Angels,5,Mickey Moniak,6-3,000 1,000 2,000 2,100 1,Yes,Yandy Diaz,Jose Caballero,SS,RH,Back,S,Short,83.3
TBR,4/10,Angels,4,Luis Rengifo,6-3,010 2,000 3,000 3,010 2 +1,Yes,Yandy Diaz,Jose Caballero,SS,RH,Back,R,Stretch,83.3
TBR,4/15,Angels,6,Mike Trout,1B,000 2,100 2,100 2,100 2,No,Yandy Diaz,Jose Caballero,SS,RH,Back,S,Stretch,83.3
TBR,4/19,Yankees,4,Giancarlo Stanton,6-3,000 0,000 1,000 1,100 0,Yes,Yandy Diaz,Jose Caballero,SS,RH,Back,S,Long,83.3
TBR,4/20,Yankees,8,Anthony Volpe,6-3,100 2,000 3,000 3,011 2,Yes,Yandy Diaz,Jose Caballero,SS,RH,Back,S,Short,83.3
TBR,4/23,Tigers,9,Parker Meadows,6-3,000 2,000 3,000 3,100 2,Yes,Yandy Diaz,Jose Caballero,SS,RH,Back,S,Short,83.3
TBR,4/27,White Sox,4,Andrew Vaughn,1B,100 0,110 0,010 1,110 0,No,Austin Shenton,Jose Caballero,SS,RH,Back,S,Stretch,83.3
TBR,4/28,White Sox,4,Korey Lee,6-3,110 2,000 3,000 3,011 2 +1,Yes,Yandy Diaz,Amed Rosario,SS,RH,Back,S,Long,87.6
TBR,4/30,Brewers,5,Blake Perkins,E5,000 0,100 0,000 1,100 0,No,Yandy Diaz,Isaac Paredes,3B,RH,Fore,S,Stretch,81.7
TBR,4/30,Brewers,8,Willy Adames,6-3,010 2,000 3,000 3,010 2 +1,Yes,Yandy Diaz,Jose Caballero,SS,RH,Fore,S,Long,83.3
TBR,5/3,Mets,8,JD Martinez,6-3,000 1,000 2,000 2,100 1,Yes,Yandy Diaz,Jose Caballero,SS,RH,Fore,S,Long,83.3
TBR,5/4,Mets,2,Harrison Bader,1B,000 1,100 1,100 1,100 1,No,Yandy Diaz,Richie Palacios,2B,RH,Back,S,Long,75.3
TBR,5/7,White Sox,5,Bryan Ramos,4-3,000 0,000 1,000 1,100 0,Yes,Yandy Diaz,Richie Palacios,2B,RH,Back,S,Stretch,75.3
TBR,5/8,White Sox,9,Gavin Sheets,5-3,000 1,000 2,000 2,100 1,Yes,Yandy Diaz,Isaac Paredes,3B,RH,Back,S,Long,81.7
TBR,5/10,Yankees,8,Giancarlo Stanton,4-3,000 2,000 3,000 3,100 2,Yes,Yandy Diaz,Richie Palacios,2B,RH,Fore,S,Short,75.3
TBR,5/10,Yankees,8,Aaron Judge,4-3,000 0,000 1,000 1,100 0,Yes,Yandy Diaz,Richie Palacios,2B,RH,Fore,S,Short,75.3
TBR,5/10,Yankees,9,Jose Trevino,5-3,000 1,000 2,000 2,100 1,Yes,Yandy Diaz,Isaac Paredes,3B,RH,Back,S,Stretch,81.7
TBR,5/16,Red Sox,6,Ceddanne Rafaela,6-3,000 1,000 2,000 2,100 1,Yes,Jonathan Aranda,Jose Caballero,SS,RH,Back,S,Short,83.3
TBR,5/16,Red Sox,7,Rob Refsnyder,6-3,000 0,000 1,000 1,100 0,Yes,Jonathan Aranda,Jose Caballero,SS,RH,Fore,S,Long,83.3
TBR,5/19,Blue Jays,4,Bo Bichette,4-3 DP,100 0,000 2,000 2,010 1,Yes,Yandy Diaz,Richie Palacios,2B,RH,Back,S,Stretch,75.3
TBR,5/22,Red Sox,8,Ceddanne Rafaela,5-3,000 1,000 2,000 2,100 1,Yes,Yandy Diaz,Isaac Paredes,3B,RH,Fore,S,Long,81.7
TBR,5/25,Royals,5,Maikel Garcia,6-3,000 1,000 2,000 2,100 1,Yes,Jonathan Aranda,Jose Caballero,SS,RH,Back,S,Stretch,83.3
TBR,5/26,Royals,9,Bobby Witt Jr,4-3,111 2,000 3,000 3,011 2 +2,Yes,Yandy Diaz,Brandon Lowe,2B,RH,Back,S,Short,78
TBR,5/26,Royals,9,Maikel Garcia,1B,110 2,111 2,111 2,011 2 +1,Yes,Yandy Diaz,Brandon Lowe,2B,RH,Back,S,Stretch,78
TBR,5/31,Orioles,1,Gunnar Henderson,1B,000 0,100 0,100 0,100 0,Yes,Jonathan Aranda,Jose Caballero,SS,RH,Back,R,Long,83.3
TBR,6/9,Orioles,6,Ramon Urias,4-3,001 2,000 3,000 3,010 2 +1,Yes,Yandy Diaz,Brandon Lowe,2B,RH,Back,S,Long,78
TBR,6/11,Cubs,2,Dansby Swanson,5-3,000 1,000 2,000 2,100 1,Yes,Yandy Diaz,Isaac Paredes,3B,RH,Fore,S,Short,81.7
TBR,6/13,Cubs,3,Yan Gomes,5-3,000 1,000 2,000 2,100 1,Yes,Yandy Diaz,Isaac Paredes,3B,RH,Fore,S,Long,81.7
TBR,6/13,Cubs,6,Christopher Morel,5-3,000 0,000 1,000 1,100 0,Yes,Yandy Diaz,Isaac Paredes,3B,RH,Fore,L,Long,81.7
TBR,6/21,Pirates,2,Connor Joe,6-3,000 2,000 3,000 3,100 2,Yes,Yandy Diaz,Taylor Walls,SS,RH,Back,S,Long,83.3
TBR,6/23,Pirates,9,Connor Joe,5-3,000 0,000 1,000 1,100 0,Yes,Isaac Paredes,Jose Caballero,3B,RH,Back,S,Stretch,82.7
TBR,7/4,Royals,6,Nick Loftin,6-4 FC E4,110 1,100 2 +1,000 3,100 2 +1,No,Isaac Paredes,Richie Palacios,2B,RH,Back,R,Short,75.3
TBR,7/9,Yankees,8,Gleyber Torres,6-3,000 0,000 1,000 1,100 0,Yes,Yandy Diaz,Taylor Walls,SS,RH,Back,S,Long,83.3
TBR,7/10,Yankees,1,Ben Rice,5-3,100 2,000 3,000 3,011 2,Yes,Yandy Diaz,Isaac Paredes,3B,RH,Fore,S,Long,81.7
TBR,7/12,Guardians,2,Jhonkensy Noel,1B,000 0,100 0,100 0,100 0,Yes,Yandy Diaz,Taylor Walls,SS,RH,Back,S,Long,83.3
TBR,7/14,Guardians,1,Steven Kwan,5-3,000 0,000 1,000 1,100 0,Yes,Yandy Diaz,Isaac Paredes,3B,RH,Back,S,Short,81.7
TBR,7/21,Yankees,7,Gleyber Torres,4-6-3 DP,100 1,000 3,000 3,010 2,Yes,Isaac Paredes,Taylor Walls,SS,RH,Back,S,Short,83.3
TBR,7/24,Blue Jays,4,Alejandro Kirk,5-3,000 1,000 2,000 2,100 1,Yes,Isaac Paredes,Jose Caballero,3B,RH,Back,S,Stretch,82.7
TBR,7/26,Reds,2,Will Benson,6-3,000 2,000 3,000 3,100 2,Yes,Yandy Diaz,Taylor Walls,SS,RH,Back,S,Long,83.3
TBR,7/28,Reds,8,Elly De La Cruz,E5,000 1,100 1,000 2,100 1,No,Yandy Diaz,Isaac Paredes,3B,RH,Back,S,Long,81.7
TBR,8/2,Astros,3,Alex Bregman,1B,000 2,100 2,100 2,100 2,Yes,Yandy Diaz,Jose Caballero,SS,RH,Back,R,Long,83.3
TBR,8/11,Orioles,6,Gunnar Henderson,1B,000 0,100 0,100 0,100 0,Yes,Yandy Diaz,Curtis Mead,3B,RH,Back,S,Long,80.6
TBR,8/12,Astros,2,Jeremy Pena,5-3,000 0,000 1,000 1,100 0,Yes,Yandy Diaz,Jose Caballero,3B,RH,Back,S,Short,82.7
TBR,8/12,Astros,7,Jon Singleton,6-3,100 2,000 3,000 3,011 2,Yes,Yandy Diaz,Taylor Walls,SS,RH,Fore,S,Short,83.3
TBR,8/14,Astros,1,Alex Bregman,6-3,000 1,000 2,000 2,100 1,Yes,Yandy Diaz,Taylor Walls,SS,RH,Fore,S,Long,83.3
TBR,8/14,Astros,5,Jake Meyers,5-3,000 1,000 2,000 2,100 1,Yes,Yandy Diaz,Junior Caminero,3B,RH,Back,S,Short,84.8
TBR,8/16,Diamondbacks,1,Corbin Carroll,E5,000 0,100 0,000 1,100 0,No,Yandy Diaz,Junior Caminero,3B,RH,Fore,S,Stretch,84.8
TBR,8/16,Diamondbacks,7,Geraldo Perdomo,6-3,000 1,000 2,000 2,100 1,Yes,Yandy Diaz,Jose Caballero,SS,RH,Back,S,Long,83.3
TBR,8/19,A's,1,Shea Langeliers,6-3,000 2,000 3,000 3,100 2,Yes,Brandon Lowe,Taylor Walls,SS,RH,Back,S,Long,83.3
TBR,8/19,A's,4,Seth Brown,6-4-3 DP,100 0,000 2,000 2,100 1,Yes,Brandon Lowe,Jose Caballero,2B,RH,Back,S,Short,76.4
TBR,8/21,A's,7,Tyler Nevin,E5,000 0,100 0,000 1,100 0,No,Yandy Diaz,Junior Caminero,3B,RH,Fore,L,Short,84.8
TBR,8/21,A's,8,Miguel Andujar,1B 2-3,000 1,000 2,000 2,000 2,No,Yandy Diaz,Jose Caballero,3B,RH,Fore,L,Short,82.7
TBR,8/22,A's,2,Miguel Andujar,6-4-3 DP,110 1,000 3,000 3,010 2 +1,Yes,Brandon Lowe,Christopher Morel,2B,RH,Back,R,Stretch,84.2
TBR,8/22,A's,3,Shea Langeliers,6-3,000 1,000 2,000 2,100 1,Yes,Brandon Lowe,Taylor Walls,SS,RH,Fore,S,Long,83.3
TBR,8/24,Dodgers,6,Will Smith,1B E5,000 2,010 2,000 3,010 2,No,Yandy Diaz,Junior Caminero,3B,RH,Fore,S,Stretch,84.8
TBR,8/27,Mariners,7,Mitch Haniger,5-3,000 2,000 3,000 3,100 2,Yes,Yandy Diaz,Junior Caminero,3B,RH,Back,S,Stretch,84.8
TBR,8/28,Mariners,4,Randy Arozarena,1B,000 2,100 2,100 2,100 2,Yes,Yandy Diaz,Junior Caminero,3B,RH,Fore,S,Long,84.8
TBR,8/30,Padres,7,Mason McCoy,6-4-3 DP,100 0,000 2,000 2,010 1,Yes,Jonathan Aranda,Jose Caballero,2B,RH,Back,S,Stretch,76.4
TBR,8/30,Padres,8,Manny Machado,6-3,000 2,000 3,000 3,100 2,Yes,Jonathan Aranda,Taylor Walls,SS,RH,Back,S,Long,83.3
TBR,8/31,Padres,5,Mason McCoy,1B,000 1,100 1,100 1,100 1,Yes,Brandon Lowe,Junior Caminero,3B,RH,Back,R,Long,84.8
TBR,8/31,Padres,8,Xander Bogaerts,5-4 FC,100 0,100 1,000 2,100 1,No,Brandon Lowe,Christopher Morel,2B,RH,Back,R,Stretch,84.2
TBR,8/31,Padres,9,Jake Cronenworth,1B,110 2,111 2,111 2,011 2 +1,Yes,Brandon Lowe,Jose Caballero,SS,RH,Back,R,Long,83.3
TBR,9/2,Twins,4,Jose Miranda,6-4-3 DP,110 0,001 2,001 2,010 1 +1,Yes,Brandon Lowe,Christopher Morel,2B,RH,Back,R,Short,84.2
TBR,9/3,Twins,4,Brooks Lee,6-3,000 0,000 1,000 1,100 0,Yes,Jonathan Aranda,Jose Caballero,SS,RH,Back,S,Long,83.3
TBR,9/3,Twins,5,Michael Helman,1B,000 0,100 0,000 1,100 0,No,Jonathan Aranda,Christopher Morel,2B,RH,Fore,L,Stretch,84.2
TBR,9/6,Orioles,8,Emmanuel Rivera,1B,000 0,100 0,100 0,100 0,Yes,Jonathan Aranda,Jose Caballero,2B,RH,Fore,S,Stretch,76.4
TBR,9/9,Phillies,2,Johan Rojas,4-3,000 2,000 3,000 3,100 2,Yes,Yandy Diaz,Jose Caballero,2B,RH,Back,S,Stretch,76.4
TBR,9/13,Guardians,6,Brayan Rocchio,5-3,000 0,000 1,000 1,100 0,Yes,Jonathan Aranda,Junior Caminero,3B,RH,Back,S,Short,84.8
TBR,9/13,Guardians,7,Lane Thomas,4-6 FC E6,100 1,010 2,100 2,010 2,No,Jonathan Aranda,Taylor Walls,SS,RH,Fore,S,Stretch,83.3
TBR,9/25,Tigers,5,Riley Greene,4-3,100 2,000 3,000 3,011 2,Yes,Jonathan Aranda,Richie Palacios,2B,RH,Back,S,Stretch,75.3
TBR,9/26,Tigers,2,Colt Keith,6-3,000 1,000 2,000 2,100 1,Yes,Jonathan Aranda,Taylor Walls,SS,RH,Back,S,Short,83.3
TBR,9/28,Red Sox,2,Mickey Gasper,5-3,000 0,000 1,000 1,100 0,Yes,Jonathan Aranda,Junior Caminero,3B,RH,Back,S,Short,84.8
TBR,9/29,Red Sox,6,Mickey Gasper,6-4-3 DP,100 1,000 3,000 3,010 2,Yes,Jonathan Aranda,Richie Palacios,2B,RH,Back,S,Stretch,75.3
TEX,3/28,Cubs,5,Nick Madrigal,5-4-3 DP,100 1,000 3,000 3,010 2,Yes,Ezequiel Duran,Marcus Semien,2B,RH,Back,S,Stretch,76.3
TEX,3/30,Cubs,9,Christopher Morel,5-4-3 DP,100 1,000 3,000 3,010 2,Yes,Jared Walsh,Marcus Semien,2B,LH,Fore,R,Short,76.3
TEX,4/6,Astros,3,Yainer Diaz,E6,111 2,101 2 +2,000 3,101 2 +2,No,Jared Walsh,Corey Seager,SS,LH,Fore,R,Short,80.8
TEX,4/8,Astros,6,Chas McCormick,4-3,000 2,000 3,000 3,100 2,Yes,Jared Walsh,Marcus Semien,2B,LH,Back,S,Short,76.3
TEX,4/9,A's,8,Zack Gelof,6-3,000 1,000 2,000 2,100 1,Yes,Ezequiel Duran,Josh Smith,SS,RH,Fore,S,Stretch,83.1
TEX,4/18,Tigers,5,Carson Kelly,5-3,010 2,000 3,000 3,010 2 +1,Yes,Ezequiel Duran,Josh Smith,3B,RH,Back,S,Stretch,83.2
TEX,4/20,Braves,1,Ronald Acuna Jr,1B,000 0,100 0,100 0,100 0,Yes,Nate Lowe,Josh Smith,3B,RH,Back,S,Long,83.2
TEX,4/26,Reds,1,Jonathan India,5-3,011 2,000 3,000 3,010 2 +2,Yes,Nate Lowe,Josh Smith,3B,RH,Back,S,Long,83.2
TEX,4/26,Reds,6,Jonathan India,1B,000 1,100 1,100 1,100 1,Yes,Nate Lowe,Corey Seager,SS,RH,Fore,L,Stretch,80.8
TEX,4/28,Reds,6,Spencer Steer,1B E6,011 1,100 1 +2,001 2 +1,100 1 +2,No,Nate Lowe,Corey Seager,SS,RH,Back,S,Stretch,80.8
TEX,5/1,Nationals,7,Joey Meneses,5-3,100 1,010 2,010 2,011 1,Yes,Nate Lowe,Josh Smith,3B,RH,Back,S,Long,83.2
TEX,5/1,Nationals,7,Nick Senzel,1B,000 0,100 0,100 0,100 0,Yes,Nate Lowe,Corey Seager,SS,RH,Fore,L,Long,80.8
TEX,5/3,Royals,6,Salvador Perez,6-4-3 DP,100 0,000 2,000 2,010 1,Yes,Nate Lowe,Marcus Semien,2B,RH,Back,S,Short,76.3
TEX,5/3,Royals,8,Dairon Blanco,4-3,000 0,000 1,000 1,100 0,Yes,Nate Lowe,Marcus Semien,2B,RH,Back,S,Short,76.3
TEX,5/5,Royals,9,Hunter Renfroe,5-3,000 2,000 3,000 3,100 2,Yes,Nate Lowe,Davis Wendzel,3B,RH,Back,R,Stretch,84.2
TEX,5/6,A's,4,Shea Langeliers,4-3,010 2,000 3,000 3,010 2 +1,Yes,Nate Lowe,Marcus Semien,2B,RH,Back,R,Short,76.3
TEX,5/7,A's,4,Max Schuemann,E6,000 0,100 0,000 1,100 0,No,Nate Lowe,Josh Smith,SS,RH,Back,R,Stretch,83.1
TEX,5/8,A's,5,JJ Bleday,1B,000 2,100 2,100 2,100 2,Yes,Nate Lowe,Corey Seager,SS,RH,Back,S,Stretch,80.8
TEX,5/13,Guardians,6,Brayan Rocchio,6-3,000 0,000 1,000 1,100 0,Yes,Nate Lowe,Corey Seager,SS,RH,Back,S,Stretch,80.8
TEX,5/13,Guardians,9,Brayan Rocchio,1B,000 1,100 1,100 1,100 1,Yes,Nate Lowe,Josh Smith,3B,RH,Fore,S,Long,83.2
TEX,5/22,Phillies,4,Bryson Stott,6-3,000 0,000 1,000 1,100 0,Yes,Nate Lowe,Corey Seager,SS,RH,Back,S,Short,80.8
TEX,5/26,Twins,2,Jose Miranda,5-3,100 1,010 2,010 2,011 1,Yes,Nate Lowe,Josh Smith,3B,RH,Back,S,Short,83.2
TEX,6/4,Tigers,3,Wenceel Perez,E5,000 2,100 2,000 3,100 2,No,Nate Lowe,Josh Smith,3B,RH,Back,R,Stretch,83.2
TEX,6/5,Tigers,3,Jake Rogers,6-3,000 2,000 3,000 3,100 2,Yes,Nate Lowe,Josh Smith,SS,RH,Fore,S,Short,83.1
TEX,6/8,Giants,4,Thairo Estrada,5-3,000 2,000 3,000 3,100 2,Yes,Nate Lowe,Ezequiel Duran,3B,RH,Fore,S,Short,83.2
TEX,6/8,Giants,8,Michael Conforto,4-3,000 2,000 3,000 3,100 2,Yes,Nate Lowe,Marcus Semien,2B,RH,Back,S,Stretch,76.3
TEX,6/9,Giants,3,Wilmer Flores,4-3,110 2,000 3,000 3,011 2 +1,Yes,Nate Lowe,Marcus Semien,2B,RH,Back,S,Short,76.3
TEX,6/16,Mariners,1,Julio Rodriguez,1B,000 2,100 2,100 2,100 2,Yes,Nate Lowe,Corey Seager,SS,RH,Back,S,Long,80.8
TEX,6/23,Royals,6,Nick Loftin,6-3,000 2,000 3,000 3,100 2,Yes,Nate Lowe,Corey Seager,SS,RH,Fore,S,Long,80.8
TEX,6/27,Orioles,3,Jordan Westburg,5-3,000 2,000 3,000 3,100 2,Yes,Nate Lowe,Josh Smith,3B,RH,Fore,S,Long,83.2
TEX,7/5,Rays,3,Yandy Diaz,5-3,000 2,000 3,000 3,100 2,Yes,Nate Lowe,Jonathan Ornelas,3B,RH,Back,S,Long,85.6
TEX,7/6,Rays,6,Isaac Paredes,5-3,000 1,000 2,000 2,100 1,Yes,Nate Lowe,Jonathan Ornelas,3B,RH,Back,S,Long,85.6
TEX,7/20,Orioles,1,Gunnar Henderson,5-3,000 0,000 1,000 1,100 0,Yes,Nate Lowe,Josh Smith,3B,RH,Back,S,Short,83.2
TEX,7/21,Orioles,5,Adley Rutschman,5-3,010 2,000 3,000 3,010 2 +1,Yes,Nate Lowe,Josh Smith,3B,RH,Fore,S,Long,83.2
TEX,7/26,Blue Jays,5,Vladimir Guerrero Jr,1B,000 1,100 1,100 1,100 1,Yes,Nate Lowe,Corey Seager,SS,RH,Back,S,Long,80.8
TEX,7/26,Blue Jays,6,Davis Schneider,6-3,000 1,000 2,000 2,100 1,Yes,Nate Lowe,Corey Seager,SS,RH,Back,S,Short,80.8
TEX,8/11,Yankees,6,Gleyber Torres,1B,000 0,100 0,000 1,100 0,No,Nate Lowe,Josh Jung,3B,RH,Back,S,Short,79.8
TEX,8/17,Twins,9,Jose Miranda,6-3,000 0,000 1,000 1,100 0,Yes,Nate Lowe,Corey Seager,SS,RH,Back,S,Long,80.8
TEX,8/19,Pirates,4,Joey Bart,1B,000 0,100 0,100 0,100 0,Yes,Nate Lowe,Josh Jung,3B,RH,Back,S,Long,79.8
TEX,8/27,White Sox,5,Corey Julks,5-3,000 1,000 2,000 2,100 1,Yes,Nate Lowe,Josh Jung,3B,RH,Fore,S,Short,79.8
TEX,8/30,A's,3,Shea Langeliers,E6,000 2,100 2,000 3,100 2,No,Nate Lowe,Ezequiel Duran,SS,RH,Back,S,Stretch,86
TEX,9/2,Yankees,8,Alex Verdugo,6-3,001 2,000 3,000 3,010 2 +1,Yes,Nate Lowe,Josh Smith,SS,RH,Back,S,Stretch,83.1
TEX,9/5,Angels,6,Nolan Schanuel,6-3,000 1,000 2,000 2,100 1,Yes,Nate Lowe,Josh Smith,SS,RH,Back,S,Short,83.1
TEX,9/13,Mariners,1,Victor Robles,1B,000 0,100 0,000 1,100 0,No,Nate Lowe,Josh Smith,SS,RH,Fore,S,Stretch,83.1
TEX,9/21,Mariners,3,JP Crawford,6-3,110 2,000 3,000 3,011 2 +1,Yes,Nate Lowe,Josh Smith,SS,RH,Fore,S,Stretch,83.1
TEX,9/24,A's,6,Shea Langeliers,E6,000 0,100 0,000 1,100 0,No,Nate Lowe,Josh Smith,SS,RH,Back,S,Long,83.1
TEX,9/24,A's,8,Tyler Soderstrom,4-3,100 2,000 3,000 3,011 2,Yes,Nate Lowe,Marcus Semien,2B,RH,Back,S,Short,76.3
TOR,3/29,Rays,5,Yandy Diaz,1B E6,000 1,010 1,000 2,010 1,No,Vladimir Guerrero Jr,Bo Bichette,SS,RH,Back,R,Long,83.3
TOR,4/1,Astros,8,Grae Kessinger,6-3,100 2,000 3,000 3,011 2,Yes,Vladimir Guerrero Jr,Ernie Clement,SS,RH,Back,S,Long,82.3
TOR,4/2,Astros,9,Yainer Diaz,1B,000 0,100 0,000 1,100 0,No,Vladimir Guerrero Jr,Bo Bichette,SS,RH,Back,R,Stretch,83.3
TOR,4/5,Yankees,1,Juan Soto,4-3,000 1,000 2,000 2,100 1,Yes,Vladimir Guerrero Jr,Cavan Biggio,2B,RH,Back,S,Short,76
TOR,4/10,Mariners,7,Dylan Moore,5-4 FC,100 1,100 2,100 2,010 2,Yes,Justin Turner,Cavan Biggio,2B,RH,Back,S,Short,76
TOR,4/14,Rockies,4,Brendan Rodgers,5-3,000 2,000 3,000 3,100 2,Yes,Vladimir Guerrero Jr,Ernie Clement,3B,RH,Fore,L,Long,82.5
TOR,4/21,Padres,5,Jackson Merrill,1B,000 0,100 0,100 0,100 0,Yes,Vladimir Guerrero Jr,Bo Bichette,SS,RH,Back,S,Stretch,83.3
TOR,4/23,Royals,1,Bobby Witt Jr,1B,100 0,110 0,110 0,110 0,No,Vladimir Guerrero Jr,Isiah Kiner-Falefa,3B,RH,Fore,S,Long,78.4
TOR,4/24,Royals,1,MJ Melendez,5U FC,110 1,110 2,110 2,011 2,Yes,Vladimir Guerrero Jr,Ernie Clement,3B,RH,Back,S,Stretch,82.5
TOR,4/26,Dodgers,6,Max Muncy,1B E4,010 0,010 0 +1,001 1,010 0 +1,No,Vladimir Guerrero Jr,Cavan Biggio,2B,RH,Back,S,Stretch,76
TOR,4/27,Dodgers,7,Teoscar Hernandez,6-3,101 2,000 3,000 3,011 2 +1,Yes,Vladimir Guerrero Jr,Bo Bichette,SS,RH,Back,R,Short,83.3
TOR,5/7,Phillies,8,Kody Clemens,5-3,001 0,000 1,000 1,010 0 +1,Yes,Vladimir Guerrero Jr,Ernie Clement,3B,RH,Fore,S,Stretch,82.5
TOR,5/10,Twins,7,Jose Miranda,5-3,000 0,000 1,000 1,100 0,Yes,Vladimir Guerrero Jr,Ernie Clement,3B,RH,Back,S,Long,82.5
TOR,5/17,Rays,5,Jonny DeLuca,1B,010 1,101 1,101 1,010 1 +1,Yes,Vladimir Guerrero Jr,Ernie Clement,3B,RH,Back,S,Stretch,82.5
TOR,5/18,Rays,5,Jose Siri,6-3,000 2,000 3,000 3,100 2,Yes,Vladimir Guerrero Jr,Bo Bichette,SS,RH,Back,S,Stretch,83.3
TOR,5/18,Rays,9,Jonathan Aranda,4-3,000 0,000 1,000 1,100 0,Yes,Vladimir Guerrero Jr,Davis Schneider,2B,RH,Back,L,Long,74.2
TOR,5/21,White Sox,2,Korey Lee,E5,000 0,100 0,000 1,100 0,No,Justin Turner,Ernie Clement,3B,RH,Back,S,Long,82.5
TOR,5/21,White Sox,4,Danny Mendick,1B,010 2,101 2,000 3,101 2,No,Justin Turner,Ernie Clement,3B,RH,Back,S,Long,82.5
TOR,5/23,Tigers,9,Wenceel Perez,5-3 DP,110 0,010 2,010 2,011 1,Yes,Vladimir Guerrero Jr,Isiah Kiner-Falefa,3B,RH,Back,S,Stretch,78.4
TOR,5/24,Tigers,3,Carson Kelly,1B,000 1,100 1,100 1,100 1,Yes,Vladimir Guerrero Jr,Bo Bichette,SS,RH,Fore,L,Long,83.3
TOR,6/1,Pirates,3,Bryan Reynolds,4-3,000 0,000 1,000 1,100 0,Yes,Vladimir Guerrero Jr,Cavan Biggio,2B,RH,Back,S,Stretch,76
TOR,6/3,Orioles,5,Ryan Mountcastle,E6,000 2,100 2,000 3,100 2,No,Vladimir Guerrero Jr,Bo Bichette,SS,RH,Back,S,Stretch,83.3
TOR,6/21,Guardians,3,Austin Hedges,6-3,000 1,000 2,000 2,100 1,Yes,Vladimir Guerrero Jr,Isiah Kiner-Falefa,SS,RH,Fore,S,Long,79.1
TOR,6/24,Red Sox,9,Ceddanne Rafaela,1B,000 0,100 0,100 0,100 0,Yes,Vladimir Guerrero Jr,Spencer Horwitz,2B,RH,Back,S,Long,74.9
TOR,6/27,Yankees,9,Jahmai Jones,1B,000 1,100 1,100 1,100 1,Yes,Spencer Horwitz,Ernie Clement,3B,RH,Back,R,Long,82.5
TOR,6/30,Yankees,7,Anthony Volpe,5-3,000 2,000 3,000 3,100 2,Yes,Vladimir Guerrero Jr,Ernie Clement,3B,RH,Back,S,Stretch,82.5
TOR,6/30,Yankees,8,Juan Soto,6-3,000 0,000 1,000 1,100 0,Yes,Vladimir Guerrero Jr,Isiah Kiner-Falefa,SS,RH,Back,S,Stretch,79.1
TOR,7/2,Astros,5,Jon Singleton,1B,000 0,100 0,100 0,100 0,Yes,Vladimir Guerrero Jr,Ernie Clement,3B,RH,Back,S,Long,82.5
TOR,7/5,Mariners,3,Julio Rodriguez,1B,100 2,110 2,110 2,011 2,Yes,Spencer Horwitz,Ernie Clement,3B,RH,Back,R,Long,82.5
TOR,7/12,Diamondbacks,6,Kevin Newman,6-3,000 2,000 3,000 3,100 2,Yes,Justin Turner,Leo Jimenez,SS,RH,Back,S,Long,80.7
TOR,7/13,Diamondbacks,7,Christian Walker,1B 3-5,100 2,000 3,000 3,011 2,Yes,Vladimir Guerrero Jr,Leo Jimenez,SS,RH,Back,R,Long,80.7
TOR,7/24,Rays,9,Jose Caballero,5-3,010 2,000 3,000 3,010 2 +1,Yes,Vladimir Guerrero Jr,Ernie Clement,3B,RH,Back,S,Stretch,82.5
TOR,7/25,Rays,4,Richie Palacios,4-3,100 2,000 3,000 3,011 2,Yes,Vladimir Guerrero Jr,Spencer Horwitz,2B,RH,Fore,S,Stretch,74.9
TOR,7/28,Rangers,1,Marcus Semien,E5,000 0,100 0,000 1,100 0,No,Vladimir Guerrero Jr,Ernie Clement,3B,RH,Back,S,Short,82.5
TOR,7/28,Rangers,9,Marcus Semien,6-3,000 1,000 2,000 2,100 1,Yes,Vladimir Guerrero Jr,Leo Jimenez,SS,RH,Fore,S,Short,80.7
TOR,7/29,Orioles,3,James McCann,6-3,000 2,000 3,000 3,100 2,Yes,Spencer Horwitz,Leo Jimenez,SS,RH,Back,S,Short,80.7
TOR,8/6,Orioles,6,Ramon Urias,4-3,000 1,000 2,000 2,100 1,Yes,Vladimir Guerrero Jr,Leo Jimenez,2B,RH,Back,S,Stretch,74.5
TOR,8/10,A's,6,Miguel Andujar,6-3,000 0,000 1,000 1,100 0,Yes,Vladimir Guerrero Jr,Leo Jimenez,SS,RH,Back,S,Long,80.7
TOR,8/12,Angels,5,Anthony Rendon,5-3,000 1,000 2,000 2,100 1,Yes,Spencer Horwitz,Ernie Clement,3B,RH,Fore,S,Stretch,82.5
TOR,8/12,Angels,8,Kevin Pillar,4-3,100 2,000 3,000 3,011 2,Yes,Spencer Horwitz,Will Wagner,2B,RH,Back,S,Short,79.3
TOR,8/13,Angels,3,Nolan Schanuel,6-3,000 0,000 1,000 1,100 0,Yes,Vladimir Guerrero Jr,Leo Jimenez,SS,RH,Back,S,Long,80.7
TOR,8/18,Cubs,2,Dansby Swanson,6-3,000 2,000 3,000 3,100 2,Yes,Vladimir Guerrero Jr,Ernie Clement,SS,RH,Back,S,Stretch,82.3
TOR,8/20,Reds,2,Spencer Steer,4-3,000 1,000 2,000 2,100 1,Yes,Spencer Horwitz,Will Wagner,2B,RH,Fore,S,Short,79.3
TOR,8/23,Angels,4,Jo Adell,6-3,000 2,000 3,000 3,100 2,Yes,Spencer Horwitz,Ernie Clement,SS,RH,Back,S,Long,82.3
TOR,8/30,Twins,8,Royce Lewis,1-4-3 DP,100 0,000 2,000 2,010 1,Yes,Spencer Horwitz,Will Wagner,2B,RH,Fore,S,Short,79.3
TOR,9/6,Braves,3,Jorge Soler,5-3,000 0,000 1,000 1,100 0,Yes,Vladimir Guerrero Jr,Ernie Clement,3B,RH,Fore,S,Stretch,82.5
TOR,9/6,Braves,5,Matt Olson,5-3,000 2,000 3,000 3,100 2,Yes,Vladimir Guerrero Jr,Ernie Clement,3B,RH,Fore,S,Stretch,82.5
TOR,9/10,Mets,5,Pete Alonso,4-3,100 2,000 3,000 3,011 2,Yes,Vladimir Guerrero Jr,Davis Schneider,2B,RH,Fore,S,Long,74.2
TOR,9/17,Rangers,2,Josh Jung,5-3,000 0,000 1,000 1,100 0,Yes,Vladimir Guerrero Jr,Ernie Clement,3B,RH,Back,S,Short,82.5
TOR,9/17,Rangers,2,Leody Taveras,4-3,000 2,000 3,000 3,100 2,Yes,Vladimir Guerrero Jr,Leo Jimenez,2B,RH,Back,S,Stretch,74.5
TOR,9/19,Rangers,4,Josh Smith,6-3,000 1,000 2,000 2,100 1,Yes,Spencer Horwitz,Ernie Clement,SS,RH,Back,S,Stretch,82.3
TOR,9/20,Rays,6,Junior Caminero,6-3,000 0,000 1,000 1,100 0,Yes,Vladimir Guerrero Jr,Ernie Clement,SS,RH,Fore,S,Stretch,82.3
TOR,9/27,Marlins,9,Xavier Edwards,1B,000 1,100 1,100 1,100 1,Yes,Luis De Los Santos,Davis Schneider,2B,RH,Fore,L,Long,74.2
TOR,9/29,Marlins,2,Nick Fortes,1B,000 2,100 2,100 2,100 2,Yes,Spencer Horwitz,Davis Schneider,2B,RH,Back,S,Long,74.2
WSN,3/30,Reds,1,Christian Encarnacion-Strand,5-3,000 2,000 3,000 3,100 2,Yes,Joey Gallo,Trey Lipscomb,3B,RH,Back,S,Long,90.3
WSN,3/30,Reds,2,Santiago Espinal,1B,000 1,100 1,100 1,100 1,Yes,Joey Gallo,Trey Lipscomb,3B,RH,Fore,L,Long,90.3
WSN,3/30,Reds,9,Tyler Stephenson,5-3,100 2,000 3,000 3,011 2,Yes,Joey Gallo,Trey Lipscomb,3B,RH,Back,S,Stretch,90.3
WSN,3/31,Reds,1,Jonathan India,6-3,000 0,000 1,000 1,100 0,Yes,Joey Gallo,CJ Abrams,SS,RH,Fore,S,Long,86.1
WSN,3/31,Reds,8,Spencer Steer,5-3,001 2,000 3,000 3,010 2 +1,Yes,Joey Gallo,Trey Lipscomb,3B,RH,Back,S,Stretch,90.3
WSN,4/1,Pirates,2,Bryan Reynolds,5-3,111 1,011 2 +1,011 2 +1,011 1 +2,Yes,Joey Meneses,Trey Lipscomb,3B,RH,Fore,L,Short,90.3
WSN,4/1,Pirates,5,Edward Olivares,5-3,110 2,000 3,000 3,011 2 +1,Yes,Joey Meneses,Trey Lipscomb,3B,RH,Back,S,Long,90.3
WSN,4/4,Pirates,8,Jared Triolo,1B,000 1,100 1,100 1,100 1,Yes,Joey Gallo,CJ Abrams,SS,RH,Fore,L,Long,86.1
WSN,4/5,Phillies,1,JT Realmuto,4-3,010 2,000 3,000 3,010 2 +1,Yes,Joey Gallo,Luis Garcia Jr,2B,RH,Fore,S,Long,77.9
WSN,4/8,Giants,5,Wilmer Flores,5-4-3 DP,100 1,000 3,000 3,010 2,Yes,Joey Gallo,Luis Garcia Jr,2B,RH,Back,S,Stretch,77.9
WSN,4/9,Giants,6,Mike Yastrzemski,6-4 FC,100 1,100 2,100 2,010 2,Yes,Joey Meneses,Ildemaro Vargas,2B,RH,Fore,S,Long,74.1
WSN,4/9,Giants,7,Michael Conforto,6-3,000 2,000 3,000 3,100 2,Yes,Joey Meneses,CJ Abrams,SS,RH,Back,S,Long,86.1
WSN,4/12,A's,8,Abraham Toro,6-3,000 2,000 3,000 3,100 2,Yes,Trey Lipscomb,CJ Abrams,SS,RH,Back,R,Short,86.1
WSN,4/13,A's,3,Abraham Toro,1B,000 1,100 1,000 2,100 1,No,Joey Gallo,Luis Garcia Jr,2B,RH,Back,S,Stretch,77.9
WSN,4/13,A's,6,JD Davis,5-3,000 1,000 2,000 2,100 1,Yes,Joey Gallo,Trey Lipscomb,3B,RH,Fore,S,Long,90.3
WSN,4/15,Dodgers,4,Will Smith,1B,000 0,100 0,100 0,100 0,Yes,Joey Gallo,Nick Senzel,3B,RH,Back,S,Long,84
WSN,4/15,Dodgers,9,Gavin Lux,4-3,000 0,000 1,000 1,100 0,Yes,Joey Gallo,Luis Garcia Jr,2B,RH,Back,S,Long,77.9
WSN,4/23,Dodgers,6,Will Smith,6-3,000 1,000 2,000 2,100 1,Yes,Joey Meneses,CJ Abrams,SS,RH,Back,S,Long,86.1
WSN,4/24,Dodgers,5,Will Smith,1B,000 0,100 0,000 1,100 0,No,Trey Lipscomb,Luis Garcia Jr,2B,RH,Fore,S,Long,77.9
WSN,4/26,Marlins,8,Bryan De La Cruz,6-3,000 1,000 2,000 2,100 1,Yes,Joey Meneses,CJ Abrams,SS,RH,Fore,S,Short,86.1
WSN,4/26,Marlins,8,Luis Arraez,5-3,000 0,000 1,000 1,100 0,Yes,Joey Meneses,Trey Lipscomb,3B,RH,Back,S,Short,90.3
WSN,4/28,Marlins,7,Nick Fortes,5-3,100 2,000 3,000 3,011 2,Yes,Joey Meneses,Trey Lipscomb,3B,RH,Back,S,Long,90.3
WSN,4/30,Rangers,2,Wyatt Langford,E5,000 2,100 2,000 3,100 2,No,Joey Meneses,Trey Lipscomb,3B,RH,Back,S,Stretch,90.3
WSN,5/1,Rangers,2,Adolis Garcia,1B,000 0,100 0,100 0,100 0,Yes,Joey Meneses,Trey Lipscomb,3B,RH,Back,S,Stretch,90.3
WSN,5/2,Rangers,7,Marcus Semien,5-3,000 1,000 2,000 2,100 1,Yes,Joey Meneses,Ildemaro Vargas,3B,RH,Fore,S,Long,76.2
WSN,5/3,Blue Jays,5,Justin Turner,6-3,000 1,000 2,000 2,100 1,Yes,Joey Meneses,CJ Abrams,SS,RH,Fore,S,Long,86.1
WSN,5/4,Blue Jays,1,George Springer,E5,000 0,010 0,000 1,010 0,No,Trey Lipscomb,Nick Senzel,3B,RH,Back,S,Stretch,84
WSN,5/5,Blue Jays,5,Alejandro Kirk,6-3,110 0,011 1,011 1,011 0 +1,Yes,Joey Meneses,CJ Abrams,SS,RH,Back,R,Stretch,86.1
WSN,5/5,Blue Jays,6,Vladimir Guerrero Jr,5-3,000 0,000 1,000 1,100 0,Yes,Joey Meneses,Trey Lipscomb,3B,RH,Back,S,Stretch,90.3
WSN,5/10,Red Sox,5,Jarren Duran,1B,100 0,110 0,110 0,011 0,Yes,Joey Meneses,CJ Abrams,SS,RH,Fore,S,Long,86.1
WSN,5/10,Red Sox,5,Ceddanne Rafaela,1B,000 0,100 0,100 0,100 0,Yes,Joey Meneses,CJ Abrams,SS,RH,Back,S,Long,86.1
WSN,5/18,Phillies,4,Nick Castellanos,6-3,000 2,000 3,000 3,100 2,Yes,Joey Gallo,CJ Abrams,SS,RH,Fore,S,Long,86.1
WSN,5/18,Phillies,8,JT Realmuto,1B,010 1,101 1,101 1,010 1 +1,Yes,Joey Gallo,CJ Abrams,SS,RH,Fore,L,Short,86.1
WSN,5/21,Twins,3,Carlos Correa,6-3,010 1,010 2,010 2,010 1 +1,Yes,Joey Gallo,CJ Abrams,SS,RH,Back,S,Stretch,86.1
WSN,5/24,Mariners,8,Dylan Moore,4-3,000 2,000 3,000 3,100 2,Yes,Joey Gallo,Luis Garcia Jr,2B,RH,Back,S,Stretch,77.9
WSN,5/25,Mariners,5,Ty France,1B,000 0,100 0,100 0,100 0,Yes,Joey Gallo,Luis Garcia Jr,2B,RH,Fore,L,Long,77.9
WSN,5/25,Mariners,7,Ty France,6-3,000 1,000 2,000 2,100 1,Yes,Joey Gallo,CJ Abrams,SS,RH,Back,R,Long,86.1
WSN,5/26,Mariners,4,Jorge Polanco,1B,000 1,100 1,100 1,100 1,Yes,Joey Gallo,CJ Abrams,SS,RH,Fore,L,Long,86.1
WSN,5/28,Braves,8,Austin Riley,6-3,010 1,010 2,010 2,010 1 +1,Yes,Joey Meneses,CJ Abrams,SS,RH,Back,S,Stretch,86.1
WSN,5/31,Guardians,7,Josh Naylor,5-4 FC,111 1,101 2 +1,101 2 +1,101 2 +1,No,Joey Gallo,Luis Garcia Jr,2B,RH,Fore,L,Short,77.9
WSN,6/4,Mets,8,DJ Stewart,4-6-3 DP,101 1,000 3,000 3,010 2 +1,Yes,Joey Gallo,CJ Abrams,SS,RH,Back,S,Short,86.1
WSN,6/5,Mets,2,Mark Vientos,4-3,000 1,000 2,000 2,100 1,Yes,Joey Gallo,Luis Garcia Jr,2B,RH,Fore,S,Long,77.9
WSN,6/12,Tigers,7,Andy Ibanez,1B,000 0,100 0,000 1,100 0,No,Joey Meneses,Nick Senzel,3B,RH,Fore,L,Short,84
WSN,6/13,Tigers,3,Andy Ibanez,1B,100 1,110 1,110 1,011 1,Yes,Joey Meneses,CJ Abrams,SS,RH,Back,S,Long,86.1
WSN,6/13,Tigers,8,Matt Vierling,4-3,000 2,000 3,000 3,100 2,Yes,Joey Meneses,Luis Garcia Jr,2B,RH,Fore,S,Long,77.9
WSN,6/18,Diamondbacks,1,Joc Pederson,1B,000 0,100 0,100 0,100 0,Yes,Joey Meneses,Nick Senzel,3B,RH,Fore,S,Long,84
WSN,6/18,Diamondbacks,2,Geraldo Perdomo,5-6-3 DP,100 1,000 3,000 3,010 2,Yes,Joey Meneses,CJ Abrams,SS,RH,Back,S,Long,86.1
WSN,6/20,Diamondbacks,4,Kevin Newman,E6,010 1,110 1,010 2,110 1,No,Joey Meneses,Ildemaro Vargas,SS,RH,Back,R,Stretch,76.2
WSN,6/21,Rockies,4,Brenton Doyle,1B,000 2,100 2,100 2,100 2,No,Joey Meneses,CJ Abrams,SS,RH,Back,R,Long,86.1
WSN,6/21,Rockies,4,Sean Bouchard,E5,000 1,100 1,000 2,100 1,No,Joey Meneses,Nick Senzel,3B,RH,Fore,S,Stretch,84
WSN,6/22,Rockies,5,Brenton Doyle,6-3,000 0,000 1,000 1,100 0,Yes,Joey Meneses,CJ Abrams,SS,RH,Fore,S,Long,86.1
WSN,6/29,Rays,1,Isaac Paredes,5-3,000 1,000 2,000 2,100 1,Yes,Joey Meneses,Nick Senzel,3B,RH,Fore,S,Long,84
WSN,6/29,Rays,1,Yandy Diaz,6-3,000 0,000 1,000 1,100 0,Yes,Joey Meneses,CJ Abrams,SS,RH,Back,S,Long,86.1
WSN,6/29,Rays,2,Jose Siri,5-4 FC,100 1,100 2,100 2,010 2,Yes,Joey Meneses,Luis Garcia Jr,2B,RH,Back,S,Stretch,77.9
WSN,6/30,Rays,5,Randy Arozarena,1B,010 2,101 2,101 2,010 2 +1,Yes,Joey Meneses,CJ Abrams,SS,RH,Fore,S,Long,86.1
WSN,7/1,Mets,2,Tyrone Taylor,6-3,000 1,000 2,000 2,100 1,Yes,Joey Meneses,CJ Abrams,SS,RH,Fore,S,Long,86.1
WSN,7/2,Mets,7,Tyrone Taylor,6-3,000 1,000 2,000 2,100 1,Yes,Joey Meneses,CJ Abrams,SS,RH,Back,S,Stretch,86.1
WSN,7/5,Cardinals,5,Paul Goldschmidt,6-4-3 DP,100 1,000 3,000 3,010 2,Yes,Juan Yepez,Luis Garcia Jr,2B,RH,Back,S,Stretch,77.9
WSN,7/6,Cardinals,3,Michael Siani,1B,010 0,101 0,101 0,010 0 +1,Yes,Juan Yepez,Trey Lipscomb,3B,RH,Back,S,Long,90.3
WSN,7/7,Cardinals,4,Nolan Arenado,6-3,010 0,010 1,010 1,010 0 +1,Yes,Juan Yepez,CJ Abrams,SS,RH,Back,S,Stretch,86.1
WSN,7/7,Cardinals,9,Paul Goldschmidt,E5,000 0,100 0,000 1,100 0,No,Juan Yepez,Trey Lipscomb,3B,RH,Fore,S,Stretch,90.3
WSN,7/8,Cardinals,3,Alec Burleson,5-6 FC E6,110 1,100 2 +1,000 3,100 2 +1,No,Juan Yepez,CJ Abrams,SS,RH,Back,S,Long,86.1
WSN,7/13,Brewers,8,Rhys Hoskins,6-3,000 0,000 1,000 1,100 0,Yes,Juan Yepez,CJ Abrams,SS,RH,Back,S,Long,86.1
WSN,7/19,Reds,5,Stuart Fairchild,6-3,000 2,000 3,000 3,100 2,Yes,Juan Yepez,CJ Abrams,SS,RH,Back,S,Long,86.1
WSN,7/23,Padres,4,Xander Bogaerts,1B,000 1,100 1,100 1,100 1,Yes,Juan Yepez,CJ Abrams,SS,RH,Back,S,Long,86.1
WSN,7/24,Padres,2,Xander Bogaerts,1B,000 2,100 2,100 2,100 2,Yes,Juan Yepez,CJ Abrams,SS,RH,Fore,S,Long,86.1
WSN,7/24,Padres,5,Xander Bogaerts,1B,000 1,100 1,100 1,100 1,Yes,Juan Yepez,Luis Garcia Jr,2B,RH,Back,S,Long,77.9
WSN,7/25,Padres,9,Manny Machado,4-3,000 0,000 1,000 1,100 0,Yes,Juan Yepez,Luis Garcia Jr,2B,RH,Fore,S,Long,77.9
WSN,7/26,Cardinals,5,Nolan Arenado,5-3,000 0,000 1,000 1,100 0,Yes,Juan Yepez,Trey Lipscomb,3B,RH,Back,S,Long,90.3
WSN,7/27,Cardinals,1,Masyn Winn,4-3,000 0,000 1,000 1,100 0,Yes,Juan Yepez,Luis Garcia Jr,2B,RH,Fore,S,Long,77.9
WSN,7/29,Diamondbacks,8,Lourdes Gurriel Jr,1B,100 0,110 0,010 1,110 0,No,Juan Yepez,Trey Lipscomb,3B,RH,Back,S,Short,90.3
WSN,7/30,Diamondbacks,2,Ketel Marte,1B,100 2,110 2,110 2,011 2,Yes,Juan Yepez,Luis Garcia Jr,2B,RH,Fore,L,Stretch,77.9
WSN,7/31,Diamondbacks,2,Randal Grichuk,6-3,000 0,000 1,000 1,100 0,Yes,Juan Yepez,CJ Abrams,SS,RH,Back,S,Long,86.1
WSN,8/3,Brewers,8,Jackson Chourio,1B,000 0,100 0,100 0,100 0,Yes,Juan Yepez,Trey Lipscomb,3B,RH,Back,S,Stretch,90.3
WSN,8/9,Angels,4,Kevin Pillar,E5,000 0,100 0,000 1,100 0,No,Juan Yepez,Ildemaro Vargas,3B,RH,Back,S,Stretch,76.2
WSN,8/9,Angels,4,Brandon Drury,6-3,110 2,000 3,000 3,011 2 +1,Yes,Juan Yepez,Nasim Nunez,SS,RH,Back,S,Stretch,91.6
WSN,8/15,Phillies,1,Trea Turner,1B,000 1,100 1,000 2,100 1,No,Andres Chaparro,Jose Tena,3B,RH,Fore,S,Stretch,87.8
WSN,8/18,Phillies,6,Edmundo Sosa,6-3,000 1,000 2,000 2,100 1,Yes,Andres Chaparro,CJ Abrams,SS,RH,Fore,S,Long,86.1
WSN,8/20,Rockies,4,Jordan Beck,6-3,000 2,000 3,000 3,100 2,Yes,Andres Chaparro,CJ Abrams,SS,RH,Back,R,Long,86.1
WSN,8/20,Rockies,6,Jordan Beck,E5,101 2,110 2 +1,000 3,110 2 +1,No,Andres Chaparro,Jose Tena,3B,RH,Back,S,Short,87.8
WSN,8/28,Yankees,1,Gleyber Torres,E5,000 0,010 0,000 1,010 0,No,Andres Chaparro,Jose Tena,3B,RH,Back,S,Stretch,87.8
WSN,8/28,Yankees,5,Gleyber Torres,5-3,100 0,010 1,010 1,011 0,Yes,Andres Chaparro,Jose Tena,3B,RH,Back,S,Short,87.8
WSN,8/28,Yankees,7,Gleyber Torres,6-3,000 1,000 2,000 2,100 1,Yes,Andres Chaparro,Nasim Nunez,SS,RH,Back,S,Long,91.6
WSN,9/1,Cubs,2,Isaac Paredes,5-3,000 0,000 1,000 1,100 0,Yes,Juan Yepez,Jose Tena,3B,RH,Fore,L,Long,87.8
WSN,9/8,Pirates,5,Billy Cook,6-3,000 2,000 3,000 3,100 2,Yes,Joey Gallo,CJ Abrams,SS,RH,Back,S,Short,86.1
WSN,9/11,Braves,8,Michael Harris II,1B,000 1,100 1,100 1,100 1,Yes,Juan Yepez,CJ Abrams,SS,RH,Fore,S,Long,86.1
WSN,9/12,Marlins,9,Griffin Conine,1B,000 0,100 0,100 0,100 0,Yes,Joey Gallo,CJ Abrams,SS,RH,Back,S,Long,86.1
WSN,9/18,Mets,2,Mark Vientos,5-3,000 1,000 2,000 2,100 1,Yes,Juan Yepez,Ildemaro Vargas,3B,RH,Back,S,Long,76.2
WSN,9/18,Mets,6,Jose Iglesias,6-3,000 0,000 1,000 1,100 0,Yes,Juan Yepez,CJ Abrams,SS,RH,Back,S,Long,86.1
WSN,9/19,Cubs,1,Dansby Swanson,1B,000 1,100 1,100 1,100 1,Yes,Juan Yepez,CJ Abrams,SS,RH,Fore,S,Long,86.1
WSN,9/19,Cubs,6,Miguel Amaya,5-3,000 2,000 3,000 3,100 2,Yes,Juan Yepez,Jose Tena,3B,RH,Back,S,Long,87.8
WSN,9/22,Cubs,4,Miles Mastrobuoni,6-3,000 2,000 3,000 3,100 2,Yes,Juan Yepez,Nasim Nunez,SS,RH,Back,S,Short,91.6
WSN,9/24,Royals,8,Freddy Fermin,5-3,000 1,000 2,000 2,100 1,Yes,Juan Yepez,Ildemaro Vargas,3B,RH,Fore,S,Long,76.2
WSN,9/27,Phillies,3,Austin Hays,1B E5,000 0,010 0,000 1,010 0,No,Juan Yepez,Ildemaro Vargas,3B,RH,Fore,S,Stretch,76.2
WSN,9/27,Phillies,9,Alec Bohm,6-3,100 2,000 3,000 3,011 2,Yes,Juan Yepez,Nasim Nunez,SS,RH,Back,S,Long,91.6
WSN,9/28,Phillies,2,Alec Bohm,6-3,000 0,000 1,000 1,100 0,Yes,Joey Gallo,Nasim Nunez,SS,RH,Back,S,Long,91.6